ProjectDescriptionID,catchRawID,trapVisitID,commonName,releaseID,atCaptureRun,fishOrigin,lifeStage,forkLength,totalLength,n,visitTime,visitTime2,visitType,siteName,subSiteName,finalRun,actualCount
12,29371,1747,Chinook salmon,255,Fall,Natural,Parr,34.0,,1,2026-01-01 10:45:08+00:00,2026-01-01T10:45:08Z,Unplanned restart,Lower Feather River RST,RL,,Yes
12,29372,1747,Chinook salmon,255,Fall,Natural,Fry,35.0,,1,2026-01-01 10:45:08+00:00,2026-01-01T10:45:08Z,Unplanned restart,Lower Feather River RST,RL,,Yes
12,29373,1747,Chinook salmon,255,Fall,Natural,Not recorded,39.0,,1,2026-01-01 10:45:08+00:00,2026-01-01T10:45:08Z,Unplanned restart,Lower Feather River RST,RL,,Yes
12,29374,1747,Chinook salmon,255,Fall,Natural,Fry,34.0,,1,2026-01-01 10:45:08+00:00,2026-01-01T10:45:08Z,Unplanned restart,Lower Feather River RST,RL,,Yes
12,29375,1747,Chinook salmon,255,Fall,Natural,Parr,35.0,,1,2026-01-01 10:45:08+00:00,2026-01-01T10:45:08Z,Unplanned restart,Lower Feather River RST,RL,,Yes
12,29376,1747,Mosquitofish,255,Not recorded,Natural,Not recorded,,27.0,1,2026-01-01 10:45:08+00:00,2026-01-01T10:45:08Z,Unplanned restart,Lower Feather River RST,RL,,Yes
12,29377,1747,Mosquitofish,255,Not recorded,Natural,Not recorded,,30.0,1,2026-01-01 10:45:08+00:00,2026-01-01T10:45:08Z,Unplanned restart,Lower Feather River RST,RL,,Yes
12,29380,1748,Chinook salmon,255,Fall,Natural,Fry,34.0,,1,2026-01-01 10:45:16+00:00,2026-01-01T10:45:16Z,Unplanned restart,Lower Feather River RST,RR,,Yes
12,29381,1748,Chinook salmon,255,Fall,Natural,Not recorded,36.0,,1,2026-01-01 10:45:16+00:00,2026-01-01T10:45:16Z,Unplanned restart,Lower Feather River RST,RR,,Yes
12,29382,1748,Chinook salmon,255,Fall,Natural,Not recorded,35.0,,1,2026-01-01 10:45:16+00:00,2026-01-01T10:45:16Z,Unplanned restart,Lower Feather River RST,RR,,Yes
12,29383,1748,Chinook salmon,255,Fall,Natural,Parr,37.0,,1,2026-01-01 10:45:16+00:00,2026-01-01T10:45:16Z,Unplanned restart,Lower Feather River RST,RR,,Yes
12,29384,1748,Chinook salmon,255,Fall,Natural,Fry,35.0,,1,2026-01-01 10:45:16+00:00,2026-01-01T10:45:16Z,Unplanned restart,Lower Feather River RST,RR,,Yes
12,29385,1748,Chinook salmon,255,Fall,Natural,Parr,34.0,,1,2026-01-01 10:45:16+00:00,2026-01-01T10:45:16Z,Unplanned restart,Lower Feather River RST,RR,,Yes
12,29386,1748,Chinook salmon,255,Fall,Natural,Parr,39.0,,1,2026-01-01 10:45:16+00:00,2026-01-01T10:45:16Z,Unplanned restart,Lower Feather River RST,RR,,Yes
12,29387,1748,Chinook salmon,255,Fall,Natural,Not recorded,34.0,,1,2026-01-01 10:45:16+00:00,2026-01-01T10:45:16Z,Unplanned restart,Lower Feather River RST,RR,,Yes
12,29388,1748,Chinook salmon,255,Fall,Natural,Not recorded,36.0,,1,2026-01-01 10:45:16+00:00,2026-01-01T10:45:16Z,Unplanned restart,Lower Feather River RST,RR,,Yes
12,29389,1748,Chinook salmon,255,Fall,Natural,Not recorded,34.0,,1,2026-01-01 10:45:16+00:00,2026-01-01T10:45:16Z,Unplanned restart,Lower Feather River RST,RR,,Yes
12,29390,1748,Chinook salmon,255,Fall,Natural,Fry,34.0,,1,2026-01-01 10:45:16+00:00,2026-01-01T10:45:16Z,Unplanned restart,Lower Feather River RST,RR,,Yes
12,29391,1748,Chinook salmon,255,Fall,Natural,Parr,36.0,,1,2026-01-01 10:45:16+00:00,2026-01-01T10:45:16Z,Unplanned restart,Lower Feather River RST,RR,,Yes
12,29392,1748,Chinook salmon,255,Fall,Natural,Fry,34.0,,1,2026-01-01 10:45:16+00:00,2026-01-01T10:45:16Z,Unplanned restart,Lower Feather River RST,RR,,Yes
12,29393,1748,Chinook salmon,255,Fall,Natural,Parr,37.0,,1,2026-01-01 10:45:16+00:00,2026-01-01T10:45:16Z,Unplanned restart,Lower Feather River RST,RR,,Yes
12,29394,1748,Chinook salmon,255,Fall,Natural,Parr,35.0,,1,2026-01-01 10:45:16+00:00,2026-01-01T10:45:16Z,Unplanned restart,Lower Feather River RST,RR,,Yes
12,29395,1748,Mosquitofish,255,Not recorded,Natural,Not recorded,,45.0,1,2026-01-01 10:45:16+00:00,2026-01-01T10:45:16Z,Unplanned restart,Lower Feather River RST,RR,,Yes
12,29396,1748,Unknown Centrarchid,255,Not recorded,Natural,Not recorded,,44.0,1,2026-01-01 10:45:16+00:00,2026-01-01T10:45:16Z,Unplanned restart,Lower Feather River RST,RR,,Yes
12,29397,1748,Mosquitofish,255,Not recorded,Natural,Not recorded,,,0,2026-01-01 10:45:16+00:00,2026-01-01T10:45:16Z,Unplanned restart,Lower Feather River RST,RR,,Yes
12,29398,1748,Mosquitofish,255,Not recorded,Natural,Not recorded,,,0,2026-01-01 10:45:16+00:00,2026-01-01T10:45:16Z,Unplanned restart,Lower Feather River RST,RR,,Yes
12,29399,1749,Chinook salmon,255,Not recorded,Natural,Not recorded,,,0,2026-01-05 10:00:10+00:00,2026-01-05T10:00:10Z,Start trap & begin trapping,Lower Feather River RST,RL,,Yes
12,29400,1749,Steelhead / rainbow trout,255,Not recorded,Natural,Not recorded,,,0,2026-01-05 10:00:10+00:00,2026-01-05T10:00:10Z,Start trap & begin trapping,Lower Feather River RST,RL,,Yes
12,29401,1750,Chinook salmon,255,Not recorded,Natural,Not recorded,,,0,2026-01-05 10:00:37+00:00,2026-01-05T10:00:37Z,Start trap & begin trapping,Lower Feather River RST,RR,,Yes
12,29402,1750,Steelhead / rainbow trout,255,Not recorded,Natural,Not recorded,,,0,2026-01-05 10:00:37+00:00,2026-01-05T10:00:37Z,Start trap & begin trapping,Lower Feather River RST,RR,,Yes
12,29403,1751,Chinook salmon,255,Fall,Natural,Parr,35.0,,1,2026-01-06 10:00:57+00:00,2026-01-06T10:00:57Z,Continue trapping,Lower Feather River RST,RL,,Yes
12,29404,1751,Chinook salmon,255,Fall,Natural,Button-up fry,35.0,,1,2026-01-06 10:00:57+00:00,2026-01-06T10:00:57Z,Continue trapping,Lower Feather River RST,RL,,Yes
12,29405,1751,Chinook salmon,255,Fall,Natural,Parr,36.0,,1,2026-01-06 10:00:57+00:00,2026-01-06T10:00:57Z,Continue trapping,Lower Feather River RST,RL,,Yes
12,29406,1751,Chinook salmon,255,Fall,Natural,Button-up fry,33.0,,1,2026-01-06 10:00:57+00:00,2026-01-06T10:00:57Z,Continue trapping,Lower Feather River RST,RL,,Yes
12,29407,1751,Chinook salmon,255,Fall,Natural,Button-up fry,37.0,,1,2026-01-06 10:00:57+00:00,2026-01-06T10:00:57Z,Continue trapping,Lower Feather River RST,RL,,Yes
12,29408,1751,Chinook salmon,255,Fall,Natural,Button-up fry,34.0,,1,2026-01-06 10:00:57+00:00,2026-01-06T10:00:57Z,Continue trapping,Lower Feather River RST,RL,,Yes
12,29409,1751,Chinook salmon,255,Fall,Natural,Button-up fry,35.0,,1,2026-01-06 10:00:57+00:00,2026-01-06T10:00:57Z,Continue trapping,Lower Feather River RST,RL,,Yes
12,29410,1751,Chinook salmon,255,Fall,Natural,Parr,40.0,,1,2026-01-06 10:00:57+00:00,2026-01-06T10:00:57Z,Continue trapping,Lower Feather River RST,RL,,Yes
12,29411,1751,Chinook salmon,255,Fall,Natural,Button-up fry,35.0,,1,2026-01-06 10:00:57+00:00,2026-01-06T10:00:57Z,Continue trapping,Lower Feather River RST,RL,,Yes
12,29412,1751,Chinook salmon,255,Fall,Natural,Button-up fry,30.0,,1,2026-01-06 10:00:57+00:00,2026-01-06T10:00:57Z,Continue trapping,Lower Feather River RST,RL,,Yes
12,29413,1751,Chinook salmon,255,Fall,Natural,Yolk sac fry (alevin),35.0,,1,2026-01-06 10:00:57+00:00,2026-01-06T10:00:57Z,Continue trapping,Lower Feather River RST,RL,,Yes
12,29414,1751,Chinook salmon,255,Fall,Natural,Button-up fry,35.0,,1,2026-01-06 10:00:57+00:00,2026-01-06T10:00:57Z,Continue trapping,Lower Feather River RST,RL,,Yes
12,29415,1751,Chinook salmon,255,Fall,Natural,Button-up fry,32.0,,1,2026-01-06 10:00:57+00:00,2026-01-06T10:00:57Z,Continue trapping,Lower Feather River RST,RL,,Yes
12,29416,1751,Chinook salmon,255,Fall,Natural,Button-up fry,36.0,,1,2026-01-06 10:00:57+00:00,2026-01-06T10:00:57Z,Continue trapping,Lower Feather River RST,RL,,Yes
12,29417,1751,Chinook salmon,255,Fall,Natural,Button-up fry,34.0,,1,2026-01-06 10:00:57+00:00,2026-01-06T10:00:57Z,Continue trapping,Lower Feather River RST,RL,,Yes
12,29418,1751,Chinook salmon,255,Fall,Natural,Button-up fry,34.0,,1,2026-01-06 10:00:57+00:00,2026-01-06T10:00:57Z,Continue trapping,Lower Feather River RST,RL,,Yes
12,29419,1751,Chinook salmon,255,Fall,Natural,Parr,38.0,,1,2026-01-06 10:00:57+00:00,2026-01-06T10:00:57Z,Continue trapping,Lower Feather River RST,RL,,Yes
12,29420,1751,Chinook salmon,255,Fall,Natural,Button-up fry,35.0,,1,2026-01-06 10:00:57+00:00,2026-01-06T10:00:57Z,Continue trapping,Lower Feather River RST,RL,,Yes
12,29421,1751,Chinook salmon,255,Fall,Natural,Button-up fry,34.0,,1,2026-01-06 10:00:57+00:00,2026-01-06T10:00:57Z,Continue trapping,Lower Feather River RST,RL,,Yes
12,29422,1751,Chinook salmon,255,Fall,Natural,Button-up fry,35.0,,1,2026-01-06 10:00:57+00:00,2026-01-06T10:00:57Z,Continue trapping,Lower Feather River RST,RL,,Yes
12,29423,1751,Chinook salmon,255,Fall,Natural,Yolk sac fry (alevin),32.0,,1,2026-01-06 10:00:57+00:00,2026-01-06T10:00:57Z,Continue trapping,Lower Feather River RST,RL,,Yes
12,29424,1751,Chinook salmon,255,Fall,Natural,Button-up fry,35.0,,1,2026-01-06 10:00:57+00:00,2026-01-06T10:00:57Z,Continue trapping,Lower Feather River RST,RL,,Yes
12,29425,1751,Chinook salmon,255,Fall,Natural,Button-up fry,33.0,,1,2026-01-06 10:00:57+00:00,2026-01-06T10:00:57Z,Continue trapping,Lower Feather River RST,RL,,Yes
12,29426,1751,Chinook salmon,255,Fall,Natural,Button-up fry,36.0,,1,2026-01-06 10:00:57+00:00,2026-01-06T10:00:57Z,Continue trapping,Lower Feather River RST,RL,,Yes
12,29427,1751,Chinook salmon,255,Fall,Natural,Parr,36.0,,1,2026-01-06 10:00:57+00:00,2026-01-06T10:00:57Z,Continue trapping,Lower Feather River RST,RL,,Yes
12,29428,1751,Chinook salmon,255,Fall,Natural,Parr,37.0,,1,2026-01-06 10:00:57+00:00,2026-01-06T10:00:57Z,Continue trapping,Lower Feather River RST,RL,,Yes
12,29429,1751,Chinook salmon,255,Fall,Natural,Button-up fry,34.0,,1,2026-01-06 10:00:57+00:00,2026-01-06T10:00:57Z,Continue trapping,Lower Feather River RST,RL,,Yes
12,29430,1751,Chinook salmon,255,Fall,Natural,Button-up fry,35.0,,1,2026-01-06 10:00:57+00:00,2026-01-06T10:00:57Z,Continue trapping,Lower Feather River RST,RL,,Yes
12,29431,1751,Chinook salmon,255,Fall,Natural,Button-up fry,35.0,,1,2026-01-06 10:00:57+00:00,2026-01-06T10:00:57Z,Continue trapping,Lower Feather River RST,RL,,Yes
12,29432,1751,Chinook salmon,255,Fall,Natural,Parr,36.0,,1,2026-01-06 10:00:57+00:00,2026-01-06T10:00:57Z,Continue trapping,Lower Feather River RST,RL,,Yes
12,29433,1751,Chinook salmon,255,Fall,Natural,Parr,37.0,,1,2026-01-06 10:00:57+00:00,2026-01-06T10:00:57Z,Continue trapping,Lower Feather River RST,RL,,Yes
12,29434,1751,Chinook salmon,255,Fall,Natural,Yolk sac fry (alevin),31.0,,1,2026-01-06 10:00:57+00:00,2026-01-06T10:00:57Z,Continue trapping,Lower Feather River RST,RL,,Yes
12,29435,1751,Chinook salmon,255,Fall,Natural,Button-up fry,35.0,,1,2026-01-06 10:00:57+00:00,2026-01-06T10:00:57Z,Continue trapping,Lower Feather River RST,RL,,Yes
12,29436,1751,Chinook salmon,255,Fall,Natural,Parr,36.0,,1,2026-01-06 10:00:57+00:00,2026-01-06T10:00:57Z,Continue trapping,Lower Feather River RST,RL,,Yes
12,29437,1751,Chinook salmon,255,Fall,Natural,Button-up fry,34.0,,1,2026-01-06 10:00:57+00:00,2026-01-06T10:00:57Z,Continue trapping,Lower Feather River RST,RL,,Yes
12,29438,1751,Chinook salmon,255,Fall,Natural,Button-up fry,33.0,,1,2026-01-06 10:00:57+00:00,2026-01-06T10:00:57Z,Continue trapping,Lower Feather River RST,RL,,Yes
12,29439,1751,Chinook salmon,255,Fall,Natural,Button-up fry,35.0,,1,2026-01-06 10:00:57+00:00,2026-01-06T10:00:57Z,Continue trapping,Lower Feather River RST,RL,,Yes
12,29440,1751,Chinook salmon,255,Fall,Natural,Button-up fry,36.0,,1,2026-01-06 10:00:57+00:00,2026-01-06T10:00:57Z,Continue trapping,Lower Feather River RST,RL,,Yes
12,29441,1751,Chinook salmon,255,Fall,Natural,Parr,36.0,,1,2026-01-06 10:00:57+00:00,2026-01-06T10:00:57Z,Continue trapping,Lower Feather River RST,RL,,Yes
12,29442,1751,Chinook salmon,255,Fall,Natural,Parr,35.0,,1,2026-01-06 10:00:57+00:00,2026-01-06T10:00:57Z,Continue trapping,Lower Feather River RST,RL,,Yes
12,29443,1751,Chinook salmon,255,Fall,Natural,Button-up fry,33.0,,1,2026-01-06 10:00:57+00:00,2026-01-06T10:00:57Z,Continue trapping,Lower Feather River RST,RL,,Yes
12,29444,1751,Chinook salmon,255,Fall,Natural,Button-up fry,36.0,,1,2026-01-06 10:00:57+00:00,2026-01-06T10:00:57Z,Continue trapping,Lower Feather River RST,RL,,Yes
12,29445,1751,Chinook salmon,255,Fall,Natural,Parr,31.0,,1,2026-01-06 10:00:57+00:00,2026-01-06T10:00:57Z,Continue trapping,Lower Feather River RST,RL,,Yes
12,29446,1751,Chinook salmon,255,Fall,Natural,Parr,34.0,,1,2026-01-06 10:00:57+00:00,2026-01-06T10:00:57Z,Continue trapping,Lower Feather River RST,RL,,Yes
12,29447,1751,Chinook salmon,255,Fall,Natural,Button-up fry,34.0,,1,2026-01-06 10:00:57+00:00,2026-01-06T10:00:57Z,Continue trapping,Lower Feather River RST,RL,,Yes
12,29448,1751,Chinook salmon,255,Fall,Natural,Button-up fry,34.0,,1,2026-01-06 10:00:57+00:00,2026-01-06T10:00:57Z,Continue trapping,Lower Feather River RST,RL,,Yes
12,29449,1751,Chinook salmon,255,Fall,Natural,Button-up fry,35.0,,1,2026-01-06 10:00:57+00:00,2026-01-06T10:00:57Z,Continue trapping,Lower Feather River RST,RL,,Yes
12,29450,1751,Chinook salmon,255,Fall,Natural,Parr,38.0,,1,2026-01-06 10:00:57+00:00,2026-01-06T10:00:57Z,Continue trapping,Lower Feather River RST,RL,,Yes
12,29451,1751,Chinook salmon,255,Fall,Natural,Button-up fry,37.0,,1,2026-01-06 10:00:57+00:00,2026-01-06T10:00:57Z,Continue trapping,Lower Feather River RST,RL,,Yes
12,29452,1751,Chinook salmon,255,Fall,Natural,Button-up fry,35.0,,1,2026-01-06 10:00:57+00:00,2026-01-06T10:00:57Z,Continue trapping,Lower Feather River RST,RL,,Yes
12,29453,1751,Chinook salmon,255,Fall,Natural,Not recorded,,,400,2026-01-06 10:00:57+00:00,2026-01-06T10:00:57Z,Continue trapping,Lower Feather River RST,RL,,Yes
12,29454,1751,Chinook salmon,255,Fall,Natural,Not recorded,,,12,2026-01-06 10:00:57+00:00,2026-01-06T10:00:57Z,Continue trapping,Lower Feather River RST,RL,,Yes
12,29455,1751,Chinook salmon,255,Spring,Natural,Parr,42.0,,1,2026-01-06 10:00:57+00:00,2026-01-06T10:00:57Z,Continue trapping,Lower Feather River RST,RL,,Yes
12,29456,1751,Chinook salmon,255,Winter,Natural,Parr,64.0,,1,2026-01-06 10:00:57+00:00,2026-01-06T10:00:57Z,Continue trapping,Lower Feather River RST,RL,,Yes
12,29457,1751,Chinook salmon,255,Spring,Natural,Parr,48.0,,1,2026-01-06 10:00:57+00:00,2026-01-06T10:00:57Z,Continue trapping,Lower Feather River RST,RL,,Yes
12,29458,1751,Chinook salmon,255,Spring,Natural,Parr,45.0,,1,2026-01-06 10:00:57+00:00,2026-01-06T10:00:57Z,Continue trapping,Lower Feather River RST,RL,,Yes
12,29459,1751,Black crappie,255,Not recorded,Natural,Not recorded,,121.0,1,2026-01-06 10:00:57+00:00,2026-01-06T10:00:57Z,Continue trapping,Lower Feather River RST,RL,,Yes
12,29460,1751,Bluegill,255,Not recorded,Natural,Not recorded,,117.0,1,2026-01-06 10:00:57+00:00,2026-01-06T10:00:57Z,Continue trapping,Lower Feather River RST,RL,,Yes
12,29461,1751,Spotted bass,255,Not recorded,Natural,Not recorded,,55.0,1,2026-01-06 10:00:57+00:00,2026-01-06T10:00:57Z,Continue trapping,Lower Feather River RST,RL,,Yes
12,29462,1751,Wakasagi / Japanese smelt,255,Not recorded,Natural,Not recorded,,80.0,1,2026-01-06 10:00:57+00:00,2026-01-06T10:00:57Z,Continue trapping,Lower Feather River RST,RL,,Yes
12,29463,1752,Chinook salmon,255,Fall,Natural,Button-up fry,32.0,,1,2026-01-06 10:00:51+00:00,2026-01-06T10:00:51Z,Unplanned restart,Lower Feather River RST,RR,,Yes
12,29464,1752,Chinook salmon,255,Fall,Natural,Button-up fry,32.0,,1,2026-01-06 10:00:51+00:00,2026-01-06T10:00:51Z,Unplanned restart,Lower Feather River RST,RR,,Yes
12,29465,1752,Chinook salmon,255,Fall,Natural,Button-up fry,33.0,,1,2026-01-06 10:00:51+00:00,2026-01-06T10:00:51Z,Unplanned restart,Lower Feather River RST,RR,,Yes
12,29466,1752,Chinook salmon,255,Fall,Natural,Button-up fry,34.0,,1,2026-01-06 10:00:51+00:00,2026-01-06T10:00:51Z,Unplanned restart,Lower Feather River RST,RR,,Yes
12,29467,1752,Chinook salmon,255,Fall,Natural,Button-up fry,36.0,,1,2026-01-06 10:00:51+00:00,2026-01-06T10:00:51Z,Unplanned restart,Lower Feather River RST,RR,,Yes
12,29468,1752,Chinook salmon,255,Fall,Natural,Button-up fry,37.0,,1,2026-01-06 10:00:51+00:00,2026-01-06T10:00:51Z,Unplanned restart,Lower Feather River RST,RR,,Yes
12,29469,1752,Chinook salmon,255,Fall,Natural,Button-up fry,38.0,,1,2026-01-06 10:00:51+00:00,2026-01-06T10:00:51Z,Unplanned restart,Lower Feather River RST,RR,,Yes
12,29470,1752,Chinook salmon,255,Fall,Natural,Not recorded,37.0,,1,2026-01-06 10:00:51+00:00,2026-01-06T10:00:51Z,Unplanned restart,Lower Feather River RST,RR,,Yes
12,29471,1752,Chinook salmon,255,Fall,Natural,Button-up fry,33.0,,1,2026-01-06 10:00:51+00:00,2026-01-06T10:00:51Z,Unplanned restart,Lower Feather River RST,RR,,Yes
12,29472,1752,Chinook salmon,255,Fall,Natural,Button-up fry,37.0,,1,2026-01-06 10:00:51+00:00,2026-01-06T10:00:51Z,Unplanned restart,Lower Feather River RST,RR,,Yes
12,29473,1752,Chinook salmon,255,Fall,Natural,Button-up fry,37.0,,1,2026-01-06 10:00:51+00:00,2026-01-06T10:00:51Z,Unplanned restart,Lower Feather River RST,RR,,Yes
12,29474,1752,Chinook salmon,255,Fall,Natural,Button-up fry,34.0,,1,2026-01-06 10:00:51+00:00,2026-01-06T10:00:51Z,Unplanned restart,Lower Feather River RST,RR,,Yes
12,29475,1752,Chinook salmon,255,Fall,Natural,Button-up fry,33.0,,1,2026-01-06 10:00:51+00:00,2026-01-06T10:00:51Z,Unplanned restart,Lower Feather River RST,RR,,Yes
12,29476,1752,Chinook salmon,255,Fall,Natural,Button-up fry,35.0,,1,2026-01-06 10:00:51+00:00,2026-01-06T10:00:51Z,Unplanned restart,Lower Feather River RST,RR,,Yes
12,29477,1752,Chinook salmon,255,Fall,Natural,Button-up fry,37.0,,1,2026-01-06 10:00:51+00:00,2026-01-06T10:00:51Z,Unplanned restart,Lower Feather River RST,RR,,Yes
12,29478,1752,Chinook salmon,255,Fall,Natural,Yolk sac fry (alevin),36.0,,1,2026-01-06 10:00:51+00:00,2026-01-06T10:00:51Z,Unplanned restart,Lower Feather River RST,RR,,Yes
12,29479,1752,Chinook salmon,255,Fall,Natural,Button-up fry,38.0,,1,2026-01-06 10:00:51+00:00,2026-01-06T10:00:51Z,Unplanned restart,Lower Feather River RST,RR,,Yes
12,29480,1752,Chinook salmon,255,Fall,Natural,Button-up fry,36.0,,1,2026-01-06 10:00:51+00:00,2026-01-06T10:00:51Z,Unplanned restart,Lower Feather River RST,RR,,Yes
12,29481,1752,Chinook salmon,255,Fall,Natural,Button-up fry,35.0,,1,2026-01-06 10:00:51+00:00,2026-01-06T10:00:51Z,Unplanned restart,Lower Feather River RST,RR,,Yes
12,29482,1752,Chinook salmon,255,Fall,Natural,Button-up fry,37.0,,1,2026-01-06 10:00:51+00:00,2026-01-06T10:00:51Z,Unplanned restart,Lower Feather River RST,RR,,Yes
12,29483,1752,Chinook salmon,255,Fall,Natural,Button-up fry,35.0,,1,2026-01-06 10:00:51+00:00,2026-01-06T10:00:51Z,Unplanned restart,Lower Feather River RST,RR,,Yes
12,29484,1752,Chinook salmon,255,Fall,Natural,Button-up fry,37.0,,1,2026-01-06 10:00:51+00:00,2026-01-06T10:00:51Z,Unplanned restart,Lower Feather River RST,RR,,Yes
12,29485,1752,Chinook salmon,255,Fall,Natural,Button-up fry,40.0,,1,2026-01-06 10:00:51+00:00,2026-01-06T10:00:51Z,Unplanned restart,Lower Feather River RST,RR,,Yes
12,29486,1752,Chinook salmon,255,Fall,Natural,Button-up fry,35.0,,1,2026-01-06 10:00:51+00:00,2026-01-06T10:00:51Z,Unplanned restart,Lower Feather River RST,RR,,Yes
12,29487,1752,Chinook salmon,255,Fall,Natural,Button-up fry,36.0,,1,2026-01-06 10:00:51+00:00,2026-01-06T10:00:51Z,Unplanned restart,Lower Feather River RST,RR,,Yes
12,29488,1752,Chinook salmon,255,Fall,Natural,Yolk sac fry (alevin),34.0,,1,2026-01-06 10:00:51+00:00,2026-01-06T10:00:51Z,Unplanned restart,Lower Feather River RST,RR,,Yes
12,29489,1752,Chinook salmon,255,Fall,Natural,Yolk sac fry (alevin),36.0,,1,2026-01-06 10:00:51+00:00,2026-01-06T10:00:51Z,Unplanned restart,Lower Feather River RST,RR,,Yes
12,29490,1752,Chinook salmon,255,Fall,Natural,Button-up fry,37.0,,1,2026-01-06 10:00:51+00:00,2026-01-06T10:00:51Z,Unplanned restart,Lower Feather River RST,RR,,Yes
12,29491,1752,Chinook salmon,255,Fall,Natural,Button-up fry,38.0,,1,2026-01-06 10:00:51+00:00,2026-01-06T10:00:51Z,Unplanned restart,Lower Feather River RST,RR,,Yes
12,29492,1752,Chinook salmon,255,Fall,Natural,Button-up fry,37.0,,1,2026-01-06 10:00:51+00:00,2026-01-06T10:00:51Z,Unplanned restart,Lower Feather River RST,RR,,Yes
12,29493,1752,Chinook salmon,255,Fall,Natural,Button-up fry,36.0,,1,2026-01-06 10:00:51+00:00,2026-01-06T10:00:51Z,Unplanned restart,Lower Feather River RST,RR,,Yes
12,29494,1752,Chinook salmon,255,Fall,Natural,Button-up fry,38.0,,1,2026-01-06 10:00:51+00:00,2026-01-06T10:00:51Z,Unplanned restart,Lower Feather River RST,RR,,Yes
12,29495,1752,Chinook salmon,255,Fall,Natural,Button-up fry,39.0,,1,2026-01-06 10:00:51+00:00,2026-01-06T10:00:51Z,Unplanned restart,Lower Feather River RST,RR,,Yes
12,29496,1752,Chinook salmon,255,Fall,Natural,Button-up fry,38.0,,1,2026-01-06 10:00:51+00:00,2026-01-06T10:00:51Z,Unplanned restart,Lower Feather River RST,RR,,Yes
12,29497,1752,Chinook salmon,255,Fall,Natural,Button-up fry,37.0,,1,2026-01-06 10:00:51+00:00,2026-01-06T10:00:51Z,Unplanned restart,Lower Feather River RST,RR,,Yes
12,29498,1752,Chinook salmon,255,Fall,Natural,Button-up fry,39.0,,1,2026-01-06 10:00:51+00:00,2026-01-06T10:00:51Z,Unplanned restart,Lower Feather River RST,RR,,Yes
12,29499,1752,Chinook salmon,255,Fall,Natural,Button-up fry,34.0,,1,2026-01-06 10:00:51+00:00,2026-01-06T10:00:51Z,Unplanned restart,Lower Feather River RST,RR,,Yes
12,29500,1752,Chinook salmon,255,Fall,Natural,Button-up fry,37.0,,1,2026-01-06 10:00:51+00:00,2026-01-06T10:00:51Z,Unplanned restart,Lower Feather River RST,RR,,Yes
12,29501,1752,Chinook salmon,255,Fall,Natural,Button-up fry,34.0,,1,2026-01-06 10:00:51+00:00,2026-01-06T10:00:51Z,Unplanned restart,Lower Feather River RST,RR,,Yes
12,29502,1752,Chinook salmon,255,Fall,Natural,Button-up fry,40.0,,1,2026-01-06 10:00:51+00:00,2026-01-06T10:00:51Z,Unplanned restart,Lower Feather River RST,RR,,Yes
12,29503,1752,Chinook salmon,255,Fall,Natural,Button-up fry,37.0,,1,2026-01-06 10:00:51+00:00,2026-01-06T10:00:51Z,Unplanned restart,Lower Feather River RST,RR,,Yes
12,29504,1752,Chinook salmon,255,Fall,Natural,Button-up fry,34.0,,1,2026-01-06 10:00:51+00:00,2026-01-06T10:00:51Z,Unplanned restart,Lower Feather River RST,RR,,Yes
12,29505,1752,Chinook salmon,255,Fall,Natural,Yolk sac fry (alevin),33.0,,1,2026-01-06 10:00:51+00:00,2026-01-06T10:00:51Z,Unplanned restart,Lower Feather River RST,RR,,Yes
12,29506,1752,Chinook salmon,255,Fall,Natural,Button-up fry,37.0,,1,2026-01-06 10:00:51+00:00,2026-01-06T10:00:51Z,Unplanned restart,Lower Feather River RST,RR,,Yes
12,29507,1752,Chinook salmon,255,Fall,Natural,Button-up fry,34.0,,1,2026-01-06 10:00:51+00:00,2026-01-06T10:00:51Z,Unplanned restart,Lower Feather River RST,RR,,Yes
12,29508,1752,Chinook salmon,255,Fall,Natural,Button-up fry,38.0,,1,2026-01-06 10:00:51+00:00,2026-01-06T10:00:51Z,Unplanned restart,Lower Feather River RST,RR,,Yes
12,29509,1752,Chinook salmon,255,Fall,Natural,Button-up fry,38.0,,1,2026-01-06 10:00:51+00:00,2026-01-06T10:00:51Z,Unplanned restart,Lower Feather River RST,RR,,Yes
12,29510,1752,Chinook salmon,255,Fall,Natural,Button-up fry,37.0,,1,2026-01-06 10:00:51+00:00,2026-01-06T10:00:51Z,Unplanned restart,Lower Feather River RST,RR,,Yes
12,29511,1752,Chinook salmon,255,Fall,Natural,Button-up fry,35.0,,1,2026-01-06 10:00:51+00:00,2026-01-06T10:00:51Z,Unplanned restart,Lower Feather River RST,RR,,Yes
12,29512,1752,Chinook salmon,255,Fall,Natural,Button-up fry,38.0,,1,2026-01-06 10:00:51+00:00,2026-01-06T10:00:51Z,Unplanned restart,Lower Feather River RST,RR,,Yes
12,29513,1752,Chinook salmon,255,Fall,Natural,Not recorded,,,456,2026-01-06 10:00:51+00:00,2026-01-06T10:00:51Z,Unplanned restart,Lower Feather River RST,RR,,Yes
12,29514,1752,Chinook salmon,255,Fall,Natural,Not recorded,,,153,2026-01-06 10:00:51+00:00,2026-01-06T10:00:51Z,Unplanned restart,Lower Feather River RST,RR,,Yes
12,29515,1752,Chinook salmon,255,Spring,Natural,Not recorded,52.0,,1,2026-01-06 10:00:51+00:00,2026-01-06T10:00:51Z,Unplanned restart,Lower Feather River RST,RR,,Yes
12,29516,1752,Chinook salmon,255,Spring,Natural,Parr,54.0,,1,2026-01-06 10:00:51+00:00,2026-01-06T10:00:51Z,Unplanned restart,Lower Feather River RST,RR,,Yes
12,29517,1752,Chinook salmon,255,Spring,Natural,Parr,46.0,,1,2026-01-06 10:00:51+00:00,2026-01-06T10:00:51Z,Unplanned restart,Lower Feather River RST,RR,,Yes
12,29518,1752,Chinook salmon,255,Spring,Natural,Parr,46.0,,1,2026-01-06 10:00:51+00:00,2026-01-06T10:00:51Z,Unplanned restart,Lower Feather River RST,RR,,Yes
12,29519,1752,Chinook salmon,255,Spring,Natural,Button-up fry,42.0,,1,2026-01-06 10:00:51+00:00,2026-01-06T10:00:51Z,Unplanned restart,Lower Feather River RST,RR,,Yes
12,29520,1752,Chinook salmon,255,Spring,Natural,Parr,51.0,,1,2026-01-06 10:00:51+00:00,2026-01-06T10:00:51Z,Unplanned restart,Lower Feather River RST,RR,,Yes
12,29521,1752,Chinook salmon,255,Spring,Natural,Not recorded,47.0,,1,2026-01-06 10:00:51+00:00,2026-01-06T10:00:51Z,Unplanned restart,Lower Feather River RST,RR,,Yes
12,29522,1752,Chinook salmon,255,Spring,Natural,Parr,51.0,,1,2026-01-06 10:00:51+00:00,2026-01-06T10:00:51Z,Unplanned restart,Lower Feather River RST,RR,,Yes
12,29523,1752,Unknown Centrarchid,255,Not recorded,Natural,Not recorded,,40.0,1,2026-01-06 10:00:51+00:00,2026-01-06T10:00:51Z,Unplanned restart,Lower Feather River RST,RR,,Yes
12,29524,1752,Wakasagi / Japanese smelt,255,Not recorded,Natural,Not recorded,,50.0,1,2026-01-06 10:00:51+00:00,2026-01-06T10:00:51Z,Unplanned restart,Lower Feather River RST,RR,,Yes
12,29525,1752,Wakasagi / Japanese smelt,255,Not recorded,Natural,Not recorded,,65.0,1,2026-01-06 10:00:51+00:00,2026-01-06T10:00:51Z,Unplanned restart,Lower Feather River RST,RR,,Yes
12,29526,1753,Chinook salmon,255,Fall,Natural,Fry,35.0,,1,2026-01-07 09:45:32+00:00,2026-01-07T09:45:32Z,Continue trapping,Lower Feather River RST,RL,,Yes
12,29527,1753,Chinook salmon,255,Fall,Natural,Parr,37.0,,1,2026-01-07 09:45:32+00:00,2026-01-07T09:45:32Z,Continue trapping,Lower Feather River RST,RL,,Yes
12,29528,1753,Chinook salmon,255,Fall,Natural,Fry,38.0,,1,2026-01-07 09:45:32+00:00,2026-01-07T09:45:32Z,Continue trapping,Lower Feather River RST,RL,,Yes
12,29529,1753,Chinook salmon,255,Fall,Natural,Parr,35.0,,1,2026-01-07 09:45:32+00:00,2026-01-07T09:45:32Z,Continue trapping,Lower Feather River RST,RL,,Yes
12,29530,1753,Chinook salmon,255,Fall,Natural,Fry,36.0,,1,2026-01-07 09:45:32+00:00,2026-01-07T09:45:32Z,Continue trapping,Lower Feather River RST,RL,,Yes
12,29531,1753,Chinook salmon,255,Fall,Natural,Fry,30.0,,1,2026-01-07 09:45:32+00:00,2026-01-07T09:45:32Z,Continue trapping,Lower Feather River RST,RL,,Yes
12,29532,1753,Chinook salmon,255,Fall,Natural,Fry,34.0,,1,2026-01-07 09:45:32+00:00,2026-01-07T09:45:32Z,Continue trapping,Lower Feather River RST,RL,,Yes
12,29533,1753,Chinook salmon,255,Fall,Natural,Fry,37.0,,1,2026-01-07 09:45:32+00:00,2026-01-07T09:45:32Z,Continue trapping,Lower Feather River RST,RL,,Yes
12,29534,1753,Chinook salmon,255,Fall,Natural,Fry,35.0,,1,2026-01-07 09:45:32+00:00,2026-01-07T09:45:32Z,Continue trapping,Lower Feather River RST,RL,,Yes
12,29535,1753,Chinook salmon,255,Fall,Natural,Yolk sac fry (alevin),35.0,,1,2026-01-07 09:45:32+00:00,2026-01-07T09:45:32Z,Continue trapping,Lower Feather River RST,RL,,Yes
12,29536,1753,Chinook salmon,255,Fall,Natural,Fry,35.0,,1,2026-01-07 09:45:32+00:00,2026-01-07T09:45:32Z,Continue trapping,Lower Feather River RST,RL,,Yes
12,29537,1753,Chinook salmon,255,Fall,Natural,Fry,37.0,,1,2026-01-07 09:45:32+00:00,2026-01-07T09:45:32Z,Continue trapping,Lower Feather River RST,RL,,Yes
12,29538,1753,Chinook salmon,255,Fall,Natural,Yolk sac fry (alevin),32.0,,1,2026-01-07 09:45:32+00:00,2026-01-07T09:45:32Z,Continue trapping,Lower Feather River RST,RL,,Yes
12,29539,1753,Chinook salmon,255,Fall,Natural,Fry,34.0,,1,2026-01-07 09:45:32+00:00,2026-01-07T09:45:32Z,Continue trapping,Lower Feather River RST,RL,,Yes
12,29540,1753,Chinook salmon,255,Fall,Natural,Fry,35.0,,1,2026-01-07 09:45:32+00:00,2026-01-07T09:45:32Z,Continue trapping,Lower Feather River RST,RL,,Yes
12,29541,1753,Chinook salmon,255,Fall,Natural,Yolk sac fry (alevin),31.0,,1,2026-01-07 09:45:32+00:00,2026-01-07T09:45:32Z,Continue trapping,Lower Feather River RST,RL,,Yes
12,29542,1753,Chinook salmon,255,Fall,Natural,Fry,35.0,,1,2026-01-07 09:45:32+00:00,2026-01-07T09:45:32Z,Continue trapping,Lower Feather River RST,RL,,Yes
12,29543,1753,Chinook salmon,255,Fall,Natural,Fry,35.0,,1,2026-01-07 09:45:32+00:00,2026-01-07T09:45:32Z,Continue trapping,Lower Feather River RST,RL,,Yes
12,29544,1753,Chinook salmon,255,Fall,Natural,Yolk sac fry (alevin),32.0,,1,2026-01-07 09:45:32+00:00,2026-01-07T09:45:32Z,Continue trapping,Lower Feather River RST,RL,,Yes
12,29545,1753,Chinook salmon,255,Fall,Natural,Fry,34.0,,1,2026-01-07 09:45:32+00:00,2026-01-07T09:45:32Z,Continue trapping,Lower Feather River RST,RL,,Yes
12,29546,1753,Chinook salmon,255,Fall,Natural,Fry,37.0,,1,2026-01-07 09:45:32+00:00,2026-01-07T09:45:32Z,Continue trapping,Lower Feather River RST,RL,,Yes
12,29547,1753,Chinook salmon,255,Fall,Natural,Fry,37.0,,1,2026-01-07 09:45:32+00:00,2026-01-07T09:45:32Z,Continue trapping,Lower Feather River RST,RL,,Yes
12,29548,1753,Chinook salmon,255,Fall,Natural,Fry,35.0,,1,2026-01-07 09:45:32+00:00,2026-01-07T09:45:32Z,Continue trapping,Lower Feather River RST,RL,,Yes
12,29549,1753,Chinook salmon,255,Fall,Natural,Fry,33.0,,1,2026-01-07 09:45:32+00:00,2026-01-07T09:45:32Z,Continue trapping,Lower Feather River RST,RL,,Yes
12,29550,1753,Chinook salmon,255,Fall,Natural,Fry,33.0,,1,2026-01-07 09:45:32+00:00,2026-01-07T09:45:32Z,Continue trapping,Lower Feather River RST,RL,,Yes
12,29551,1753,Chinook salmon,255,Fall,Natural,Fry,34.0,,1,2026-01-07 09:45:32+00:00,2026-01-07T09:45:32Z,Continue trapping,Lower Feather River RST,RL,,Yes
12,29552,1753,Chinook salmon,255,Fall,Natural,Fry,34.0,,1,2026-01-07 09:45:32+00:00,2026-01-07T09:45:32Z,Continue trapping,Lower Feather River RST,RL,,Yes
12,29553,1753,Chinook salmon,255,Fall,Natural,Fry,37.0,,1,2026-01-07 09:45:32+00:00,2026-01-07T09:45:32Z,Continue trapping,Lower Feather River RST,RL,,Yes
12,29554,1753,Chinook salmon,255,Fall,Natural,Yolk sac fry (alevin),31.0,,1,2026-01-07 09:45:32+00:00,2026-01-07T09:45:32Z,Continue trapping,Lower Feather River RST,RL,,Yes
12,29555,1753,Chinook salmon,255,Fall,Natural,Fry,34.0,,1,2026-01-07 09:45:32+00:00,2026-01-07T09:45:32Z,Continue trapping,Lower Feather River RST,RL,,Yes
12,29556,1753,Chinook salmon,255,Fall,Natural,Fry,35.0,,1,2026-01-07 09:45:32+00:00,2026-01-07T09:45:32Z,Continue trapping,Lower Feather River RST,RL,,Yes
12,29557,1753,Chinook salmon,255,Fall,Natural,Fry,35.0,,1,2026-01-07 09:45:32+00:00,2026-01-07T09:45:32Z,Continue trapping,Lower Feather River RST,RL,,Yes
12,29558,1753,Chinook salmon,255,Fall,Natural,Parr,39.0,,1,2026-01-07 09:45:32+00:00,2026-01-07T09:45:32Z,Continue trapping,Lower Feather River RST,RL,,Yes
12,29559,1753,Chinook salmon,255,Fall,Natural,Fry,35.0,,1,2026-01-07 09:45:32+00:00,2026-01-07T09:45:32Z,Continue trapping,Lower Feather River RST,RL,,Yes
12,29560,1753,Chinook salmon,255,Fall,Natural,Fry,35.0,,1,2026-01-07 09:45:32+00:00,2026-01-07T09:45:32Z,Continue trapping,Lower Feather River RST,RL,,Yes
12,29561,1753,Chinook salmon,255,Fall,Natural,Fry,33.0,,1,2026-01-07 09:45:32+00:00,2026-01-07T09:45:32Z,Continue trapping,Lower Feather River RST,RL,,Yes
12,29562,1753,Chinook salmon,255,Fall,Natural,Fry,35.0,,1,2026-01-07 09:45:32+00:00,2026-01-07T09:45:32Z,Continue trapping,Lower Feather River RST,RL,,Yes
12,29563,1753,Chinook salmon,255,Fall,Natural,Fry,34.0,,1,2026-01-07 09:45:32+00:00,2026-01-07T09:45:32Z,Continue trapping,Lower Feather River RST,RL,,Yes
12,29564,1753,Chinook salmon,255,Fall,Natural,Fry,37.0,,1,2026-01-07 09:45:32+00:00,2026-01-07T09:45:32Z,Continue trapping,Lower Feather River RST,RL,,Yes
12,29565,1753,Chinook salmon,255,Fall,Natural,Fry,39.0,,1,2026-01-07 09:45:32+00:00,2026-01-07T09:45:32Z,Continue trapping,Lower Feather River RST,RL,,Yes
12,29566,1753,Chinook salmon,255,Fall,Natural,Fry,35.0,,1,2026-01-07 09:45:32+00:00,2026-01-07T09:45:32Z,Continue trapping,Lower Feather River RST,RL,,Yes
12,29567,1753,Chinook salmon,255,Fall,Natural,Fry,34.0,,1,2026-01-07 09:45:32+00:00,2026-01-07T09:45:32Z,Continue trapping,Lower Feather River RST,RL,,Yes
12,29568,1753,Chinook salmon,255,Fall,Natural,Fry,38.0,,1,2026-01-07 09:45:32+00:00,2026-01-07T09:45:32Z,Continue trapping,Lower Feather River RST,RL,,Yes
12,29569,1753,Chinook salmon,255,Fall,Natural,Fry,37.0,,1,2026-01-07 09:45:32+00:00,2026-01-07T09:45:32Z,Continue trapping,Lower Feather River RST,RL,,Yes
12,29570,1753,Chinook salmon,255,Fall,Natural,Fry,35.0,,1,2026-01-07 09:45:32+00:00,2026-01-07T09:45:32Z,Continue trapping,Lower Feather River RST,RL,,Yes
12,29571,1753,Chinook salmon,255,Fall,Natural,Fry,36.0,,1,2026-01-07 09:45:32+00:00,2026-01-07T09:45:32Z,Continue trapping,Lower Feather River RST,RL,,Yes
12,29572,1753,Chinook salmon,255,Fall,Natural,Fry,36.0,,1,2026-01-07 09:45:32+00:00,2026-01-07T09:45:32Z,Continue trapping,Lower Feather River RST,RL,,Yes
12,29573,1753,Chinook salmon,255,Fall,Natural,Fry,35.0,,1,2026-01-07 09:45:32+00:00,2026-01-07T09:45:32Z,Continue trapping,Lower Feather River RST,RL,,Yes
12,29574,1753,Chinook salmon,255,Fall,Natural,Fry,36.0,,1,2026-01-07 09:45:32+00:00,2026-01-07T09:45:32Z,Continue trapping,Lower Feather River RST,RL,,Yes
12,29575,1753,Chinook salmon,255,Fall,Natural,Yolk sac fry (alevin),33.0,,1,2026-01-07 09:45:32+00:00,2026-01-07T09:45:32Z,Continue trapping,Lower Feather River RST,RL,,Yes
12,29576,1753,Chinook salmon,255,Fall,Natural,Not recorded,,,314,2026-01-07 09:45:32+00:00,2026-01-07T09:45:32Z,Continue trapping,Lower Feather River RST,RL,,Yes
12,29577,1753,Chinook salmon,255,Fall,Natural,Not recorded,,,3,2026-01-07 09:45:32+00:00,2026-01-07T09:45:32Z,Continue trapping,Lower Feather River RST,RL,,Yes
12,29578,1753,Chinook salmon,255,Spring,Natural,Parr,42.0,,1,2026-01-07 09:45:32+00:00,2026-01-07T09:45:32Z,Continue trapping,Lower Feather River RST,RL,,Yes
12,29579,1753,Chinook salmon,255,Spring,Natural,Parr,43.0,,1,2026-01-07 09:45:32+00:00,2026-01-07T09:45:32Z,Continue trapping,Lower Feather River RST,RL,,Yes
12,29580,1753,Chinook salmon,255,Spring,Natural,Parr,48.0,,1,2026-01-07 09:45:32+00:00,2026-01-07T09:45:32Z,Continue trapping,Lower Feather River RST,RL,,Yes
12,29581,1753,Chinook salmon,255,Spring,Natural,Parr,42.0,,1,2026-01-07 09:45:32+00:00,2026-01-07T09:45:32Z,Continue trapping,Lower Feather River RST,RL,,Yes
12,29582,1753,Unknown Centrarchid,255,Not recorded,Natural,Not recorded,,29.0,1,2026-01-07 09:45:32+00:00,2026-01-07T09:45:32Z,Continue trapping,Lower Feather River RST,RL,,Yes
12,29583,1753,Prickly sculpin,255,Not recorded,Natural,Not recorded,,81.0,1,2026-01-07 09:45:32+00:00,2026-01-07T09:45:32Z,Continue trapping,Lower Feather River RST,RL,,Yes
12,29584,1753,Unknown lamprey (Entosphenus or Lampetra),255,Not recorded,Natural,Ammocoete,,76.0,1,2026-01-07 09:45:32+00:00,2026-01-07T09:45:32Z,Continue trapping,Lower Feather River RST,RL,,Yes
12,29585,1753,Unknown lamprey (Entosphenus or Lampetra),255,Not recorded,Natural,Ammocoete,,97.0,1,2026-01-07 09:45:32+00:00,2026-01-07T09:45:32Z,Continue trapping,Lower Feather River RST,RL,,Yes
12,29586,1753,Unknown lamprey (Entosphenus or Lampetra),255,Not recorded,Natural,Ammocoete,,71.0,1,2026-01-07 09:45:32+00:00,2026-01-07T09:45:32Z,Continue trapping,Lower Feather River RST,RL,,Yes
12,29587,1754,Unknown Centrarchid,255,Not recorded,Natural,Not recorded,,30.0,1,2026-01-07 09:45:20+00:00,2026-01-07T09:45:20Z,Continue trapping,Lower Feather River RST,RR,,Yes
12,29588,1754,Wakasagi / Japanese smelt,255,Not recorded,Natural,Not recorded,,112.0,1,2026-01-07 09:45:20+00:00,2026-01-07T09:45:20Z,Continue trapping,Lower Feather River RST,RR,,Yes
12,29589,1754,Chinook salmon,255,Fall,Natural,Not recorded,32.0,,1,2026-01-07 09:45:20+00:00,2026-01-07T09:45:20Z,Continue trapping,Lower Feather River RST,RR,,Yes
12,29590,1754,Chinook salmon,255,Fall,Natural,Not recorded,33.0,,1,2026-01-07 09:45:20+00:00,2026-01-07T09:45:20Z,Continue trapping,Lower Feather River RST,RR,,Yes
12,29591,1754,Chinook salmon,255,Fall,Natural,Fry,35.0,,1,2026-01-07 09:45:20+00:00,2026-01-07T09:45:20Z,Continue trapping,Lower Feather River RST,RR,,Yes
12,29592,1754,Chinook salmon,255,Fall,Natural,Parr,35.0,,1,2026-01-07 09:45:20+00:00,2026-01-07T09:45:20Z,Continue trapping,Lower Feather River RST,RR,,Yes
12,29593,1754,Chinook salmon,255,Fall,Natural,Fry,34.0,,1,2026-01-07 09:45:20+00:00,2026-01-07T09:45:20Z,Continue trapping,Lower Feather River RST,RR,,Yes
12,29594,1754,Chinook salmon,255,Fall,Natural,Fry,34.0,,1,2026-01-07 09:45:20+00:00,2026-01-07T09:45:20Z,Continue trapping,Lower Feather River RST,RR,,Yes
12,29595,1754,Chinook salmon,255,Fall,Natural,Fry,34.0,,1,2026-01-07 09:45:20+00:00,2026-01-07T09:45:20Z,Continue trapping,Lower Feather River RST,RR,,Yes
12,29596,1754,Chinook salmon,255,Fall,Natural,Fry,37.0,,1,2026-01-07 09:45:20+00:00,2026-01-07T09:45:20Z,Continue trapping,Lower Feather River RST,RR,,Yes
12,29597,1754,Chinook salmon,255,Fall,Natural,Fry,36.0,,1,2026-01-07 09:45:20+00:00,2026-01-07T09:45:20Z,Continue trapping,Lower Feather River RST,RR,,Yes
12,29598,1754,Chinook salmon,255,Fall,Natural,Fry,33.0,,1,2026-01-07 09:45:20+00:00,2026-01-07T09:45:20Z,Continue trapping,Lower Feather River RST,RR,,Yes
12,29599,1754,Chinook salmon,255,Fall,Natural,Fry,36.0,,1,2026-01-07 09:45:20+00:00,2026-01-07T09:45:20Z,Continue trapping,Lower Feather River RST,RR,,Yes
12,29600,1754,Chinook salmon,255,Fall,Natural,Parr,35.0,,1,2026-01-07 09:45:20+00:00,2026-01-07T09:45:20Z,Continue trapping,Lower Feather River RST,RR,,Yes
12,29601,1754,Chinook salmon,255,Fall,Natural,Fry,34.0,,1,2026-01-07 09:45:20+00:00,2026-01-07T09:45:20Z,Continue trapping,Lower Feather River RST,RR,,Yes
12,29602,1754,Chinook salmon,255,Fall,Natural,Fry,37.0,,1,2026-01-07 09:45:20+00:00,2026-01-07T09:45:20Z,Continue trapping,Lower Feather River RST,RR,,Yes
12,29603,1754,Chinook salmon,255,Fall,Natural,Fry,33.0,,1,2026-01-07 09:45:20+00:00,2026-01-07T09:45:20Z,Continue trapping,Lower Feather River RST,RR,,Yes
12,29604,1754,Chinook salmon,255,Fall,Natural,Not recorded,33.0,,1,2026-01-07 09:45:20+00:00,2026-01-07T09:45:20Z,Continue trapping,Lower Feather River RST,RR,,Yes
12,29605,1754,Chinook salmon,255,Fall,Natural,Yolk sac fry (alevin),33.0,,1,2026-01-07 09:45:20+00:00,2026-01-07T09:45:20Z,Continue trapping,Lower Feather River RST,RR,,Yes
12,29606,1754,Chinook salmon,255,Fall,Natural,Parr,35.0,,1,2026-01-07 09:45:20+00:00,2026-01-07T09:45:20Z,Continue trapping,Lower Feather River RST,RR,,Yes
12,29607,1754,Chinook salmon,255,Fall,Natural,Fry,34.0,,1,2026-01-07 09:45:20+00:00,2026-01-07T09:45:20Z,Continue trapping,Lower Feather River RST,RR,,Yes
12,29608,1754,Chinook salmon,255,Fall,Natural,Parr,38.0,,1,2026-01-07 09:45:20+00:00,2026-01-07T09:45:20Z,Continue trapping,Lower Feather River RST,RR,,Yes
12,29609,1754,Chinook salmon,255,Fall,Natural,Fry,35.0,,1,2026-01-07 09:45:20+00:00,2026-01-07T09:45:20Z,Continue trapping,Lower Feather River RST,RR,,Yes
12,29610,1754,Chinook salmon,255,Fall,Natural,Fry,36.0,,1,2026-01-07 09:45:20+00:00,2026-01-07T09:45:20Z,Continue trapping,Lower Feather River RST,RR,,Yes
12,29611,1754,Chinook salmon,255,Fall,Natural,Not recorded,36.0,,1,2026-01-07 09:45:20+00:00,2026-01-07T09:45:20Z,Continue trapping,Lower Feather River RST,RR,,Yes
12,29612,1754,Chinook salmon,255,Fall,Natural,Fry,33.0,,1,2026-01-07 09:45:20+00:00,2026-01-07T09:45:20Z,Continue trapping,Lower Feather River RST,RR,,Yes
12,29613,1754,Chinook salmon,255,Fall,Natural,Fry,33.0,,1,2026-01-07 09:45:20+00:00,2026-01-07T09:45:20Z,Continue trapping,Lower Feather River RST,RR,,Yes
12,29614,1754,Chinook salmon,255,Fall,Natural,Fry,33.0,,1,2026-01-07 09:45:20+00:00,2026-01-07T09:45:20Z,Continue trapping,Lower Feather River RST,RR,,Yes
12,29615,1754,Chinook salmon,255,Fall,Natural,Fry,36.0,,1,2026-01-07 09:45:20+00:00,2026-01-07T09:45:20Z,Continue trapping,Lower Feather River RST,RR,,Yes
12,29616,1754,Chinook salmon,255,Fall,Natural,Fry,34.0,,1,2026-01-07 09:45:20+00:00,2026-01-07T09:45:20Z,Continue trapping,Lower Feather River RST,RR,,Yes
12,29617,1754,Chinook salmon,255,Fall,Natural,Fry,32.0,,1,2026-01-07 09:45:20+00:00,2026-01-07T09:45:20Z,Continue trapping,Lower Feather River RST,RR,,Yes
12,29618,1754,Chinook salmon,255,Fall,Natural,Fry,37.0,,1,2026-01-07 09:45:20+00:00,2026-01-07T09:45:20Z,Continue trapping,Lower Feather River RST,RR,,Yes
12,29619,1754,Chinook salmon,255,Fall,Natural,Parr,39.0,,1,2026-01-07 09:45:20+00:00,2026-01-07T09:45:20Z,Continue trapping,Lower Feather River RST,RR,,Yes
12,29620,1754,Chinook salmon,255,Fall,Natural,Fry,36.0,,1,2026-01-07 09:45:20+00:00,2026-01-07T09:45:20Z,Continue trapping,Lower Feather River RST,RR,,Yes
12,29621,1754,Chinook salmon,255,Fall,Natural,Fry,37.0,,1,2026-01-07 09:45:20+00:00,2026-01-07T09:45:20Z,Continue trapping,Lower Feather River RST,RR,,Yes
12,29622,1754,Chinook salmon,255,Fall,Natural,Yolk sac fry (alevin),31.0,,1,2026-01-07 09:45:20+00:00,2026-01-07T09:45:20Z,Continue trapping,Lower Feather River RST,RR,,Yes
12,29623,1754,Chinook salmon,255,Fall,Natural,Fry,39.0,,1,2026-01-07 09:45:20+00:00,2026-01-07T09:45:20Z,Continue trapping,Lower Feather River RST,RR,,Yes
12,29624,1754,Chinook salmon,255,Fall,Natural,Fry,34.0,,1,2026-01-07 09:45:20+00:00,2026-01-07T09:45:20Z,Continue trapping,Lower Feather River RST,RR,,Yes
12,29625,1754,Chinook salmon,255,Fall,Natural,Fry,33.0,,1,2026-01-07 09:45:20+00:00,2026-01-07T09:45:20Z,Continue trapping,Lower Feather River RST,RR,,Yes
12,29626,1754,Chinook salmon,255,Fall,Natural,Parr,35.0,,1,2026-01-07 09:45:20+00:00,2026-01-07T09:45:20Z,Continue trapping,Lower Feather River RST,RR,,Yes
12,29627,1754,Chinook salmon,255,Fall,Natural,Fry,34.0,,1,2026-01-07 09:45:20+00:00,2026-01-07T09:45:20Z,Continue trapping,Lower Feather River RST,RR,,Yes
12,29628,1754,Chinook salmon,255,Fall,Natural,Not recorded,33.0,,1,2026-01-07 09:45:20+00:00,2026-01-07T09:45:20Z,Continue trapping,Lower Feather River RST,RR,,Yes
12,29629,1754,Chinook salmon,255,Fall,Natural,Fry,34.0,,1,2026-01-07 09:45:20+00:00,2026-01-07T09:45:20Z,Continue trapping,Lower Feather River RST,RR,,Yes
12,29630,1754,Chinook salmon,255,Fall,Natural,Fry,34.0,,1,2026-01-07 09:45:20+00:00,2026-01-07T09:45:20Z,Continue trapping,Lower Feather River RST,RR,,Yes
12,29631,1754,Chinook salmon,255,Fall,Natural,Fry,36.0,,1,2026-01-07 09:45:20+00:00,2026-01-07T09:45:20Z,Continue trapping,Lower Feather River RST,RR,,Yes
12,29632,1754,Chinook salmon,255,Fall,Natural,Fry,36.0,,1,2026-01-07 09:45:20+00:00,2026-01-07T09:45:20Z,Continue trapping,Lower Feather River RST,RR,,Yes
12,29633,1754,Chinook salmon,255,Fall,Natural,Fry,33.0,,1,2026-01-07 09:45:20+00:00,2026-01-07T09:45:20Z,Continue trapping,Lower Feather River RST,RR,,Yes
12,29634,1754,Chinook salmon,255,Fall,Natural,Fry,35.0,,1,2026-01-07 09:45:20+00:00,2026-01-07T09:45:20Z,Continue trapping,Lower Feather River RST,RR,,Yes
12,29635,1754,Chinook salmon,255,Fall,Natural,Parr,38.0,,1,2026-01-07 09:45:20+00:00,2026-01-07T09:45:20Z,Continue trapping,Lower Feather River RST,RR,,Yes
12,29636,1754,Chinook salmon,255,Fall,Natural,Fry,35.0,,1,2026-01-07 09:45:20+00:00,2026-01-07T09:45:20Z,Continue trapping,Lower Feather River RST,RR,,Yes
12,29637,1754,Chinook salmon,255,Fall,Natural,Fry,34.0,,1,2026-01-07 09:45:20+00:00,2026-01-07T09:45:20Z,Continue trapping,Lower Feather River RST,RR,,Yes
12,29638,1754,Chinook salmon,255,Fall,Natural,Fry,34.0,,1,2026-01-07 09:45:20+00:00,2026-01-07T09:45:20Z,Continue trapping,Lower Feather River RST,RR,,Yes
12,29639,1754,Chinook salmon,255,Fall,Natural,Not recorded,,,606,2026-01-07 09:45:20+00:00,2026-01-07T09:45:20Z,Continue trapping,Lower Feather River RST,RR,,Yes
12,29640,1754,Chinook salmon,255,Fall,Natural,Not recorded,,,43,2026-01-07 09:45:20+00:00,2026-01-07T09:45:20Z,Continue trapping,Lower Feather River RST,RR,,Yes
12,29641,1754,Chinook salmon,255,Spring,Natural,Parr,47.0,,1,2026-01-07 09:45:20+00:00,2026-01-07T09:45:20Z,Continue trapping,Lower Feather River RST,RR,,Yes
12,29642,1754,Chinook salmon,255,Spring,Natural,Parr,48.0,,1,2026-01-07 09:45:20+00:00,2026-01-07T09:45:20Z,Continue trapping,Lower Feather River RST,RR,,Yes
12,29643,1754,Chinook salmon,255,Spring,Natural,Parr,46.0,,1,2026-01-07 09:45:20+00:00,2026-01-07T09:45:20Z,Continue trapping,Lower Feather River RST,RR,,Yes
12,29644,1754,Chinook salmon,255,Spring,Natural,Parr,42.0,,1,2026-01-07 09:45:20+00:00,2026-01-07T09:45:20Z,Continue trapping,Lower Feather River RST,RR,,Yes
12,29645,1754,Chinook salmon,255,Spring,Natural,Parr,45.0,,1,2026-01-07 09:45:20+00:00,2026-01-07T09:45:20Z,Continue trapping,Lower Feather River RST,RR,,Yes
12,29646,1755,Chinook salmon,255,Fall,Natural,Parr,37.0,,1,2026-01-08 10:00:54+00:00,2026-01-08T10:00:54Z,Unplanned restart,Lower Feather River RST,RL,,Yes
12,29647,1755,Chinook salmon,255,Fall,Natural,Fry,35.0,,1,2026-01-08 10:00:54+00:00,2026-01-08T10:00:54Z,Unplanned restart,Lower Feather River RST,RL,,Yes
12,29648,1755,Chinook salmon,255,Fall,Natural,Fry,34.0,,1,2026-01-08 10:00:54+00:00,2026-01-08T10:00:54Z,Unplanned restart,Lower Feather River RST,RL,,Yes
12,29649,1755,Chinook salmon,255,Fall,Natural,Parr,36.0,,1,2026-01-08 10:00:54+00:00,2026-01-08T10:00:54Z,Unplanned restart,Lower Feather River RST,RL,,Yes
12,29650,1755,Chinook salmon,255,Fall,Natural,Parr,38.0,,1,2026-01-08 10:00:54+00:00,2026-01-08T10:00:54Z,Unplanned restart,Lower Feather River RST,RL,,Yes
12,29651,1755,Chinook salmon,255,Fall,Natural,Parr,38.0,,1,2026-01-08 10:00:54+00:00,2026-01-08T10:00:54Z,Unplanned restart,Lower Feather River RST,RL,,Yes
12,29652,1755,Chinook salmon,255,Fall,Natural,Fry,38.0,,1,2026-01-08 10:00:54+00:00,2026-01-08T10:00:54Z,Unplanned restart,Lower Feather River RST,RL,,Yes
12,29653,1755,Chinook salmon,255,Fall,Natural,Parr,37.0,,1,2026-01-08 10:00:54+00:00,2026-01-08T10:00:54Z,Unplanned restart,Lower Feather River RST,RL,,Yes
12,29654,1755,Chinook salmon,255,Fall,Natural,Parr,36.0,,1,2026-01-08 10:00:54+00:00,2026-01-08T10:00:54Z,Unplanned restart,Lower Feather River RST,RL,,Yes
12,29655,1755,Chinook salmon,255,Fall,Natural,Parr,34.0,,1,2026-01-08 10:00:54+00:00,2026-01-08T10:00:54Z,Unplanned restart,Lower Feather River RST,RL,,Yes
12,29656,1755,Chinook salmon,255,Fall,Natural,Parr,36.0,,1,2026-01-08 10:00:54+00:00,2026-01-08T10:00:54Z,Unplanned restart,Lower Feather River RST,RL,,Yes
12,29657,1755,Chinook salmon,255,Fall,Natural,Parr,42.0,,1,2026-01-08 10:00:54+00:00,2026-01-08T10:00:54Z,Unplanned restart,Lower Feather River RST,RL,,Yes
12,29658,1755,Chinook salmon,255,Fall,Natural,Parr,37.0,,1,2026-01-08 10:00:54+00:00,2026-01-08T10:00:54Z,Unplanned restart,Lower Feather River RST,RL,,Yes
12,29659,1755,Chinook salmon,255,Fall,Natural,Parr,35.0,,1,2026-01-08 10:00:54+00:00,2026-01-08T10:00:54Z,Unplanned restart,Lower Feather River RST,RL,,Yes
12,29660,1755,Chinook salmon,255,Fall,Natural,Parr,36.0,,1,2026-01-08 10:00:54+00:00,2026-01-08T10:00:54Z,Unplanned restart,Lower Feather River RST,RL,,Yes
12,29661,1755,Chinook salmon,255,Fall,Natural,Parr,36.0,,1,2026-01-08 10:00:54+00:00,2026-01-08T10:00:54Z,Unplanned restart,Lower Feather River RST,RL,,Yes
12,29662,1755,Chinook salmon,255,Fall,Natural,Parr,36.0,,1,2026-01-08 10:00:54+00:00,2026-01-08T10:00:54Z,Unplanned restart,Lower Feather River RST,RL,,Yes
12,29663,1755,Chinook salmon,255,Fall,Natural,Parr,36.0,,1,2026-01-08 10:00:54+00:00,2026-01-08T10:00:54Z,Unplanned restart,Lower Feather River RST,RL,,Yes
12,29664,1755,Chinook salmon,255,Fall,Natural,Parr,35.0,,1,2026-01-08 10:00:54+00:00,2026-01-08T10:00:54Z,Unplanned restart,Lower Feather River RST,RL,,Yes
12,29665,1755,Chinook salmon,255,Fall,Natural,Parr,34.0,,1,2026-01-08 10:00:54+00:00,2026-01-08T10:00:54Z,Unplanned restart,Lower Feather River RST,RL,,Yes
12,29666,1755,Chinook salmon,255,Fall,Natural,Fry,32.0,,1,2026-01-08 10:00:54+00:00,2026-01-08T10:00:54Z,Unplanned restart,Lower Feather River RST,RL,,Yes
12,29667,1755,Chinook salmon,255,Fall,Natural,Parr,35.0,,1,2026-01-08 10:00:54+00:00,2026-01-08T10:00:54Z,Unplanned restart,Lower Feather River RST,RL,,Yes
12,29668,1755,Chinook salmon,255,Fall,Natural,Parr,34.0,,1,2026-01-08 10:00:54+00:00,2026-01-08T10:00:54Z,Unplanned restart,Lower Feather River RST,RL,,Yes
12,29669,1755,Chinook salmon,255,Fall,Natural,Parr,37.0,,1,2026-01-08 10:00:54+00:00,2026-01-08T10:00:54Z,Unplanned restart,Lower Feather River RST,RL,,Yes
12,29670,1755,Chinook salmon,255,Fall,Natural,Parr,36.0,,1,2026-01-08 10:00:54+00:00,2026-01-08T10:00:54Z,Unplanned restart,Lower Feather River RST,RL,,Yes
12,29671,1755,Chinook salmon,255,Fall,Natural,Parr,37.0,,1,2026-01-08 10:00:54+00:00,2026-01-08T10:00:54Z,Unplanned restart,Lower Feather River RST,RL,,Yes
12,29672,1755,Chinook salmon,255,Fall,Natural,Parr,36.0,,1,2026-01-08 10:00:54+00:00,2026-01-08T10:00:54Z,Unplanned restart,Lower Feather River RST,RL,,Yes
12,29673,1755,Chinook salmon,255,Fall,Natural,Fry,34.0,,1,2026-01-08 10:00:54+00:00,2026-01-08T10:00:54Z,Unplanned restart,Lower Feather River RST,RL,,Yes
12,29674,1755,Chinook salmon,255,Fall,Natural,Parr,35.0,,1,2026-01-08 10:00:54+00:00,2026-01-08T10:00:54Z,Unplanned restart,Lower Feather River RST,RL,,Yes
12,29675,1755,Chinook salmon,255,Fall,Natural,Parr,36.0,,1,2026-01-08 10:00:54+00:00,2026-01-08T10:00:54Z,Unplanned restart,Lower Feather River RST,RL,,Yes
12,29676,1755,Chinook salmon,255,Fall,Natural,Parr,36.0,,1,2026-01-08 10:00:54+00:00,2026-01-08T10:00:54Z,Unplanned restart,Lower Feather River RST,RL,,Yes
12,29677,1755,Chinook salmon,255,Fall,Natural,Parr,38.0,,1,2026-01-08 10:00:54+00:00,2026-01-08T10:00:54Z,Unplanned restart,Lower Feather River RST,RL,,Yes
12,29678,1755,Chinook salmon,255,Fall,Natural,Fry,34.0,,1,2026-01-08 10:00:54+00:00,2026-01-08T10:00:54Z,Unplanned restart,Lower Feather River RST,RL,,Yes
12,29679,1755,Chinook salmon,255,Fall,Natural,Parr,37.0,,1,2026-01-08 10:00:54+00:00,2026-01-08T10:00:54Z,Unplanned restart,Lower Feather River RST,RL,,Yes
12,29680,1755,Chinook salmon,255,Fall,Natural,Parr,37.0,,1,2026-01-08 10:00:54+00:00,2026-01-08T10:00:54Z,Unplanned restart,Lower Feather River RST,RL,,Yes
12,29681,1755,Chinook salmon,255,Fall,Natural,Parr,37.0,,1,2026-01-08 10:00:54+00:00,2026-01-08T10:00:54Z,Unplanned restart,Lower Feather River RST,RL,,Yes
12,29682,1755,Chinook salmon,255,Fall,Natural,Fry,35.0,,1,2026-01-08 10:00:54+00:00,2026-01-08T10:00:54Z,Unplanned restart,Lower Feather River RST,RL,,Yes
12,29683,1755,Chinook salmon,255,Fall,Natural,Fry,34.0,,1,2026-01-08 10:00:54+00:00,2026-01-08T10:00:54Z,Unplanned restart,Lower Feather River RST,RL,,Yes
12,29684,1755,Chinook salmon,255,Fall,Natural,Yolk sac fry (alevin),31.0,,1,2026-01-08 10:00:54+00:00,2026-01-08T10:00:54Z,Unplanned restart,Lower Feather River RST,RL,,Yes
12,29685,1755,Chinook salmon,255,Fall,Natural,Parr,34.0,,1,2026-01-08 10:00:54+00:00,2026-01-08T10:00:54Z,Unplanned restart,Lower Feather River RST,RL,,Yes
12,29686,1755,Chinook salmon,255,Fall,Natural,Parr,35.0,,1,2026-01-08 10:00:54+00:00,2026-01-08T10:00:54Z,Unplanned restart,Lower Feather River RST,RL,,Yes
12,29687,1755,Chinook salmon,255,Fall,Natural,Parr,34.0,,1,2026-01-08 10:00:54+00:00,2026-01-08T10:00:54Z,Unplanned restart,Lower Feather River RST,RL,,Yes
12,29688,1755,Chinook salmon,255,Fall,Natural,Parr,38.0,,1,2026-01-08 10:00:54+00:00,2026-01-08T10:00:54Z,Unplanned restart,Lower Feather River RST,RL,,Yes
12,29689,1755,Chinook salmon,255,Fall,Natural,Parr,35.0,,1,2026-01-08 10:00:54+00:00,2026-01-08T10:00:54Z,Unplanned restart,Lower Feather River RST,RL,,Yes
12,29690,1755,Chinook salmon,255,Fall,Natural,Parr,37.0,,1,2026-01-08 10:00:54+00:00,2026-01-08T10:00:54Z,Unplanned restart,Lower Feather River RST,RL,,Yes
12,29691,1755,Chinook salmon,255,Fall,Natural,Parr,38.0,,1,2026-01-08 10:00:54+00:00,2026-01-08T10:00:54Z,Unplanned restart,Lower Feather River RST,RL,,Yes
12,29692,1755,Chinook salmon,255,Fall,Natural,Parr,37.0,,1,2026-01-08 10:00:54+00:00,2026-01-08T10:00:54Z,Unplanned restart,Lower Feather River RST,RL,,Yes
12,29693,1755,Chinook salmon,255,Fall,Natural,Parr,33.0,,1,2026-01-08 10:00:54+00:00,2026-01-08T10:00:54Z,Unplanned restart,Lower Feather River RST,RL,,Yes
12,29694,1755,Chinook salmon,255,Fall,Natural,Parr,39.0,,1,2026-01-08 10:00:54+00:00,2026-01-08T10:00:54Z,Unplanned restart,Lower Feather River RST,RL,,Yes
12,29695,1755,Chinook salmon,255,Fall,Natural,Fry,36.0,,1,2026-01-08 10:00:54+00:00,2026-01-08T10:00:54Z,Unplanned restart,Lower Feather River RST,RL,,Yes
12,29696,1755,Chinook salmon,255,Fall,Natural,Not recorded,,,163,2026-01-08 10:00:54+00:00,2026-01-08T10:00:54Z,Unplanned restart,Lower Feather River RST,RL,,Yes
12,29697,1755,Chinook salmon,255,Fall,Natural,Not recorded,,,1,2026-01-08 10:00:54+00:00,2026-01-08T10:00:54Z,Unplanned restart,Lower Feather River RST,RL,,Yes
12,29698,1755,Chinook salmon,255,Spring,Natural,Not recorded,44.0,,1,2026-01-08 10:00:54+00:00,2026-01-08T10:00:54Z,Unplanned restart,Lower Feather River RST,RL,,Yes
12,29699,1755,Chinook salmon,255,Spring,Natural,Not recorded,47.0,,1,2026-01-08 10:00:54+00:00,2026-01-08T10:00:54Z,Unplanned restart,Lower Feather River RST,RL,,Yes
12,29700,1755,Chinook salmon,255,Winter,Natural,Not recorded,77.0,,1,2026-01-08 10:00:54+00:00,2026-01-08T10:00:54Z,Unplanned restart,Lower Feather River RST,RL,,Yes
12,29701,1755,Golden shiner,255,Not recorded,Natural,Not recorded,,102.0,1,2026-01-08 10:00:54+00:00,2026-01-08T10:00:54Z,Unplanned restart,Lower Feather River RST,RL,,Yes
12,29702,1755,Mosquitofish,255,Not recorded,Natural,Not recorded,,35.0,1,2026-01-08 10:00:54+00:00,2026-01-08T10:00:54Z,Unplanned restart,Lower Feather River RST,RL,,Yes
12,29703,1756,Chinook salmon,255,Fall,Natural,Fry,34.0,,1,2026-01-08 10:00:38+00:00,2026-01-08T10:00:38Z,Continue trapping,Lower Feather River RST,RR,,Yes
12,29704,1756,Chinook salmon,255,Fall,Natural,Parr,35.0,,1,2026-01-08 10:00:38+00:00,2026-01-08T10:00:38Z,Continue trapping,Lower Feather River RST,RR,,Yes
12,29705,1756,Chinook salmon,255,Fall,Natural,Parr,35.0,,1,2026-01-08 10:00:38+00:00,2026-01-08T10:00:38Z,Continue trapping,Lower Feather River RST,RR,,Yes
12,29706,1756,Chinook salmon,255,Fall,Natural,Parr,36.0,,1,2026-01-08 10:00:38+00:00,2026-01-08T10:00:38Z,Continue trapping,Lower Feather River RST,RR,,Yes
12,29707,1756,Chinook salmon,255,Fall,Natural,Parr,38.0,,1,2026-01-08 10:00:38+00:00,2026-01-08T10:00:38Z,Continue trapping,Lower Feather River RST,RR,,Yes
12,29708,1756,Chinook salmon,255,Fall,Natural,Parr,35.0,,1,2026-01-08 10:00:38+00:00,2026-01-08T10:00:38Z,Continue trapping,Lower Feather River RST,RR,,Yes
12,29709,1756,Chinook salmon,255,Fall,Natural,Fry,35.0,,1,2026-01-08 10:00:38+00:00,2026-01-08T10:00:38Z,Continue trapping,Lower Feather River RST,RR,,Yes
12,29710,1756,Chinook salmon,255,Fall,Natural,Parr,37.0,,1,2026-01-08 10:00:38+00:00,2026-01-08T10:00:38Z,Continue trapping,Lower Feather River RST,RR,,Yes
12,29711,1756,Chinook salmon,255,Fall,Natural,Parr,36.0,,1,2026-01-08 10:00:38+00:00,2026-01-08T10:00:38Z,Continue trapping,Lower Feather River RST,RR,,Yes
12,29712,1756,Chinook salmon,255,Fall,Natural,Parr,37.0,,1,2026-01-08 10:00:38+00:00,2026-01-08T10:00:38Z,Continue trapping,Lower Feather River RST,RR,,Yes
12,29713,1756,Chinook salmon,255,Fall,Natural,Parr,38.0,,1,2026-01-08 10:00:38+00:00,2026-01-08T10:00:38Z,Continue trapping,Lower Feather River RST,RR,,Yes
12,29714,1756,Chinook salmon,255,Fall,Natural,Parr,37.0,,1,2026-01-08 10:00:38+00:00,2026-01-08T10:00:38Z,Continue trapping,Lower Feather River RST,RR,,Yes
12,29715,1756,Chinook salmon,255,Fall,Natural,Parr,38.0,,1,2026-01-08 10:00:38+00:00,2026-01-08T10:00:38Z,Continue trapping,Lower Feather River RST,RR,,Yes
12,29716,1756,Chinook salmon,255,Fall,Natural,Parr,37.0,,1,2026-01-08 10:00:38+00:00,2026-01-08T10:00:38Z,Continue trapping,Lower Feather River RST,RR,,Yes
12,29717,1756,Chinook salmon,255,Fall,Natural,Fry,34.0,,1,2026-01-08 10:00:38+00:00,2026-01-08T10:00:38Z,Continue trapping,Lower Feather River RST,RR,,Yes
12,29718,1756,Chinook salmon,255,Fall,Natural,Fry,34.0,,1,2026-01-08 10:00:38+00:00,2026-01-08T10:00:38Z,Continue trapping,Lower Feather River RST,RR,,Yes
12,29719,1756,Chinook salmon,255,Fall,Natural,Parr,35.0,,1,2026-01-08 10:00:38+00:00,2026-01-08T10:00:38Z,Continue trapping,Lower Feather River RST,RR,,Yes
12,29720,1756,Chinook salmon,255,Fall,Natural,Parr,36.0,,1,2026-01-08 10:00:38+00:00,2026-01-08T10:00:38Z,Continue trapping,Lower Feather River RST,RR,,Yes
12,29721,1756,Chinook salmon,255,Fall,Natural,Parr,39.0,,1,2026-01-08 10:00:38+00:00,2026-01-08T10:00:38Z,Continue trapping,Lower Feather River RST,RR,,Yes
12,29722,1756,Chinook salmon,255,Fall,Natural,Parr,39.0,,1,2026-01-08 10:00:38+00:00,2026-01-08T10:00:38Z,Continue trapping,Lower Feather River RST,RR,,Yes
12,29723,1756,Chinook salmon,255,Fall,Natural,Parr,37.0,,1,2026-01-08 10:00:38+00:00,2026-01-08T10:00:38Z,Continue trapping,Lower Feather River RST,RR,,Yes
12,29724,1756,Chinook salmon,255,Fall,Natural,Parr,38.0,,1,2026-01-08 10:00:38+00:00,2026-01-08T10:00:38Z,Continue trapping,Lower Feather River RST,RR,,Yes
12,29725,1756,Chinook salmon,255,Fall,Natural,Parr,33.0,,1,2026-01-08 10:00:38+00:00,2026-01-08T10:00:38Z,Continue trapping,Lower Feather River RST,RR,,Yes
12,29726,1756,Chinook salmon,255,Fall,Natural,Fry,34.0,,1,2026-01-08 10:00:38+00:00,2026-01-08T10:00:38Z,Continue trapping,Lower Feather River RST,RR,,Yes
12,29727,1756,Chinook salmon,255,Fall,Natural,Yolk sac fry (alevin),34.0,,1,2026-01-08 10:00:38+00:00,2026-01-08T10:00:38Z,Continue trapping,Lower Feather River RST,RR,,Yes
12,29728,1756,Chinook salmon,255,Fall,Natural,Yolk sac fry (alevin),34.0,,1,2026-01-08 10:00:38+00:00,2026-01-08T10:00:38Z,Continue trapping,Lower Feather River RST,RR,,Yes
12,29729,1756,Chinook salmon,255,Fall,Natural,Parr,35.0,,1,2026-01-08 10:00:38+00:00,2026-01-08T10:00:38Z,Continue trapping,Lower Feather River RST,RR,,Yes
12,29730,1756,Chinook salmon,255,Fall,Natural,Parr,37.0,,1,2026-01-08 10:00:38+00:00,2026-01-08T10:00:38Z,Continue trapping,Lower Feather River RST,RR,,Yes
12,29731,1756,Chinook salmon,255,Fall,Natural,Fry,36.0,,1,2026-01-08 10:00:38+00:00,2026-01-08T10:00:38Z,Continue trapping,Lower Feather River RST,RR,,Yes
12,29732,1756,Chinook salmon,255,Fall,Natural,Fry,34.0,,1,2026-01-08 10:00:38+00:00,2026-01-08T10:00:38Z,Continue trapping,Lower Feather River RST,RR,,Yes
12,29733,1756,Chinook salmon,255,Fall,Natural,Parr,36.0,,1,2026-01-08 10:00:38+00:00,2026-01-08T10:00:38Z,Continue trapping,Lower Feather River RST,RR,,Yes
12,29734,1756,Chinook salmon,255,Fall,Natural,Parr,34.0,,1,2026-01-08 10:00:38+00:00,2026-01-08T10:00:38Z,Continue trapping,Lower Feather River RST,RR,,Yes
12,29735,1756,Chinook salmon,255,Fall,Natural,Parr,34.0,,1,2026-01-08 10:00:38+00:00,2026-01-08T10:00:38Z,Continue trapping,Lower Feather River RST,RR,,Yes
12,29736,1756,Chinook salmon,255,Fall,Natural,Fry,34.0,,1,2026-01-08 10:00:38+00:00,2026-01-08T10:00:38Z,Continue trapping,Lower Feather River RST,RR,,Yes
12,29737,1756,Chinook salmon,255,Fall,Natural,Parr,36.0,,1,2026-01-08 10:00:38+00:00,2026-01-08T10:00:38Z,Continue trapping,Lower Feather River RST,RR,,Yes
12,29738,1756,Chinook salmon,255,Fall,Natural,Parr,34.0,,1,2026-01-08 10:00:38+00:00,2026-01-08T10:00:38Z,Continue trapping,Lower Feather River RST,RR,,Yes
12,29739,1756,Chinook salmon,255,Fall,Natural,Parr,36.0,,1,2026-01-08 10:00:38+00:00,2026-01-08T10:00:38Z,Continue trapping,Lower Feather River RST,RR,,Yes
12,29740,1756,Chinook salmon,255,Fall,Natural,Parr,36.0,,1,2026-01-08 10:00:38+00:00,2026-01-08T10:00:38Z,Continue trapping,Lower Feather River RST,RR,,Yes
12,29741,1756,Chinook salmon,255,Fall,Natural,Parr,34.0,,1,2026-01-08 10:00:38+00:00,2026-01-08T10:00:38Z,Continue trapping,Lower Feather River RST,RR,,Yes
12,29742,1756,Chinook salmon,255,Fall,Natural,Parr,39.0,,1,2026-01-08 10:00:38+00:00,2026-01-08T10:00:38Z,Continue trapping,Lower Feather River RST,RR,,Yes
12,29743,1756,Chinook salmon,255,Fall,Natural,Fry,34.0,,1,2026-01-08 10:00:38+00:00,2026-01-08T10:00:38Z,Continue trapping,Lower Feather River RST,RR,,Yes
12,29744,1756,Chinook salmon,255,Fall,Natural,Yolk sac fry (alevin),35.0,,1,2026-01-08 10:00:38+00:00,2026-01-08T10:00:38Z,Continue trapping,Lower Feather River RST,RR,,Yes
12,29745,1756,Chinook salmon,255,Fall,Natural,Parr,34.0,,1,2026-01-08 10:00:38+00:00,2026-01-08T10:00:38Z,Continue trapping,Lower Feather River RST,RR,,Yes
12,29746,1756,Chinook salmon,255,Fall,Natural,Parr,35.0,,1,2026-01-08 10:00:38+00:00,2026-01-08T10:00:38Z,Continue trapping,Lower Feather River RST,RR,,Yes
12,29747,1756,Chinook salmon,255,Fall,Natural,Parr,35.0,,1,2026-01-08 10:00:38+00:00,2026-01-08T10:00:38Z,Continue trapping,Lower Feather River RST,RR,,Yes
12,29748,1756,Chinook salmon,255,Fall,Natural,Parr,41.0,,1,2026-01-08 10:00:38+00:00,2026-01-08T10:00:38Z,Continue trapping,Lower Feather River RST,RR,,Yes
12,29749,1756,Chinook salmon,255,Fall,Natural,Fry,36.0,,1,2026-01-08 10:00:38+00:00,2026-01-08T10:00:38Z,Continue trapping,Lower Feather River RST,RR,,Yes
12,29750,1756,Chinook salmon,255,Fall,Natural,Parr,38.0,,1,2026-01-08 10:00:38+00:00,2026-01-08T10:00:38Z,Continue trapping,Lower Feather River RST,RR,,Yes
12,29751,1756,Chinook salmon,255,Fall,Natural,Parr,40.0,,1,2026-01-08 10:00:38+00:00,2026-01-08T10:00:38Z,Continue trapping,Lower Feather River RST,RR,,Yes
12,29752,1756,Chinook salmon,255,Fall,Natural,Yolk sac fry (alevin),34.0,,1,2026-01-08 10:00:38+00:00,2026-01-08T10:00:38Z,Continue trapping,Lower Feather River RST,RR,,Yes
12,29753,1756,Chinook salmon,255,Fall,Natural,Not recorded,,,586,2026-01-08 10:00:38+00:00,2026-01-08T10:00:38Z,Continue trapping,Lower Feather River RST,RR,,Yes
12,29754,1756,Chinook salmon,255,Fall,Natural,Not recorded,,,2,2026-01-08 10:00:38+00:00,2026-01-08T10:00:38Z,Continue trapping,Lower Feather River RST,RR,,Yes
12,29755,1756,Chinook salmon,255,Spring,Natural,Parr,44.0,,1,2026-01-08 10:00:38+00:00,2026-01-08T10:00:38Z,Continue trapping,Lower Feather River RST,RR,,Yes
12,29756,1756,Chinook salmon,255,Spring,Natural,Parr,48.0,,1,2026-01-08 10:00:38+00:00,2026-01-08T10:00:38Z,Continue trapping,Lower Feather River RST,RR,,Yes
12,29757,1756,Chinook salmon,255,Spring,Natural,Parr,46.0,,1,2026-01-08 10:00:38+00:00,2026-01-08T10:00:38Z,Continue trapping,Lower Feather River RST,RR,,Yes
12,29758,1756,Chinook salmon,255,Spring,Natural,Parr,43.0,,1,2026-01-08 10:00:38+00:00,2026-01-08T10:00:38Z,Continue trapping,Lower Feather River RST,RR,,Yes
12,29759,1756,Chinook salmon,255,Spring,Natural,Parr,44.0,,1,2026-01-08 10:00:38+00:00,2026-01-08T10:00:38Z,Continue trapping,Lower Feather River RST,RR,,Yes
12,29760,1756,Chinook salmon,255,Spring,Natural,Parr,43.0,,1,2026-01-08 10:00:38+00:00,2026-01-08T10:00:38Z,Continue trapping,Lower Feather River RST,RR,,Yes
12,29761,1756,Chinook salmon,255,Spring,Natural,Parr,52.0,,1,2026-01-08 10:00:38+00:00,2026-01-08T10:00:38Z,Continue trapping,Lower Feather River RST,RR,,Yes
12,29763,1756,Chinook salmon,255,Winter,Natural,Silvery parr,97.0,,1,2026-01-08 10:00:38+00:00,2026-01-08T10:00:38Z,Continue trapping,Lower Feather River RST,RR,Fall,Yes
12,29764,1756,Black crappie,255,Not recorded,Natural,Not recorded,,88.0,1,2026-01-08 10:00:38+00:00,2026-01-08T10:00:38Z,Continue trapping,Lower Feather River RST,RR,,Yes
12,29765,1756,Bluegill,255,Not recorded,Natural,Not recorded,,89.0,1,2026-01-08 10:00:38+00:00,2026-01-08T10:00:38Z,Continue trapping,Lower Feather River RST,RR,,Yes
12,29766,1756,Bluegill,255,Not recorded,Natural,Not recorded,,118.0,1,2026-01-08 10:00:38+00:00,2026-01-08T10:00:38Z,Continue trapping,Lower Feather River RST,RR,,Yes
12,29767,1756,Mosquitofish,255,Not recorded,Natural,Not recorded,,32.0,1,2026-01-08 10:00:38+00:00,2026-01-08T10:00:38Z,Continue trapping,Lower Feather River RST,RR,,Yes
12,29768,1756,Mosquitofish,255,Not recorded,Natural,Not recorded,,33.0,1,2026-01-08 10:00:38+00:00,2026-01-08T10:00:38Z,Continue trapping,Lower Feather River RST,RR,,Yes
12,29769,1756,Mosquitofish,255,Not recorded,Natural,Not recorded,,27.0,1,2026-01-08 10:00:38+00:00,2026-01-08T10:00:38Z,Continue trapping,Lower Feather River RST,RR,,Yes
12,29770,1757,Chinook salmon,255,Fall,Natural,Not recorded,35.0,,1,2026-01-09 10:00:05+00:00,2026-01-09T10:00:05Z,Continue trapping,Lower Feather River RST,RL,,Yes
12,29771,1757,Chinook salmon,255,Fall,Natural,Parr,38.0,,1,2026-01-09 10:00:05+00:00,2026-01-09T10:00:05Z,Continue trapping,Lower Feather River RST,RL,,Yes
12,29772,1757,Chinook salmon,255,Fall,Natural,Parr,36.0,,1,2026-01-09 10:00:05+00:00,2026-01-09T10:00:05Z,Continue trapping,Lower Feather River RST,RL,,Yes
12,29773,1757,Chinook salmon,255,Fall,Natural,Parr,37.0,,1,2026-01-09 10:00:05+00:00,2026-01-09T10:00:05Z,Continue trapping,Lower Feather River RST,RL,,Yes
12,29774,1757,Chinook salmon,255,Fall,Natural,Parr,37.0,,1,2026-01-09 10:00:05+00:00,2026-01-09T10:00:05Z,Continue trapping,Lower Feather River RST,RL,,Yes
12,29775,1757,Chinook salmon,255,Fall,Natural,Silvery parr,34.0,,1,2026-01-09 10:00:05+00:00,2026-01-09T10:00:05Z,Continue trapping,Lower Feather River RST,RL,,Yes
12,29776,1757,Chinook salmon,255,Fall,Natural,Parr,40.0,,1,2026-01-09 10:00:05+00:00,2026-01-09T10:00:05Z,Continue trapping,Lower Feather River RST,RL,,Yes
12,29777,1757,Chinook salmon,255,Fall,Natural,Parr,36.0,,1,2026-01-09 10:00:05+00:00,2026-01-09T10:00:05Z,Continue trapping,Lower Feather River RST,RL,,Yes
12,29778,1757,Chinook salmon,255,Fall,Natural,Parr,40.0,,1,2026-01-09 10:00:05+00:00,2026-01-09T10:00:05Z,Continue trapping,Lower Feather River RST,RL,,Yes
12,29779,1757,Chinook salmon,255,Fall,Natural,Parr,36.0,,1,2026-01-09 10:00:05+00:00,2026-01-09T10:00:05Z,Continue trapping,Lower Feather River RST,RL,,Yes
12,29780,1757,Chinook salmon,255,Fall,Natural,Parr,37.0,,1,2026-01-09 10:00:05+00:00,2026-01-09T10:00:05Z,Continue trapping,Lower Feather River RST,RL,,Yes
12,29781,1757,Chinook salmon,255,Fall,Natural,Parr,36.0,,1,2026-01-09 10:00:05+00:00,2026-01-09T10:00:05Z,Continue trapping,Lower Feather River RST,RL,,Yes
12,29782,1757,Chinook salmon,255,Fall,Natural,Parr,38.0,,1,2026-01-09 10:00:05+00:00,2026-01-09T10:00:05Z,Continue trapping,Lower Feather River RST,RL,,Yes
12,29783,1757,Chinook salmon,255,Fall,Natural,Parr,35.0,,1,2026-01-09 10:00:05+00:00,2026-01-09T10:00:05Z,Continue trapping,Lower Feather River RST,RL,,Yes
12,29784,1757,Chinook salmon,255,Fall,Natural,Parr,38.0,,1,2026-01-09 10:00:05+00:00,2026-01-09T10:00:05Z,Continue trapping,Lower Feather River RST,RL,,Yes
12,29785,1757,Chinook salmon,255,Fall,Natural,Parr,37.0,,1,2026-01-09 10:00:05+00:00,2026-01-09T10:00:05Z,Continue trapping,Lower Feather River RST,RL,,Yes
12,29786,1757,Chinook salmon,255,Fall,Natural,Parr,36.0,,1,2026-01-09 10:00:05+00:00,2026-01-09T10:00:05Z,Continue trapping,Lower Feather River RST,RL,,Yes
12,29787,1757,Chinook salmon,255,Fall,Natural,Parr,35.0,,1,2026-01-09 10:00:05+00:00,2026-01-09T10:00:05Z,Continue trapping,Lower Feather River RST,RL,,Yes
12,29788,1757,Chinook salmon,255,Fall,Natural,Parr,37.0,,1,2026-01-09 10:00:05+00:00,2026-01-09T10:00:05Z,Continue trapping,Lower Feather River RST,RL,,Yes
12,29789,1757,Chinook salmon,255,Fall,Natural,Parr,38.0,,1,2026-01-09 10:00:05+00:00,2026-01-09T10:00:05Z,Continue trapping,Lower Feather River RST,RL,,Yes
12,29790,1757,Chinook salmon,255,Fall,Natural,Parr,35.0,,1,2026-01-09 10:00:05+00:00,2026-01-09T10:00:05Z,Continue trapping,Lower Feather River RST,RL,,Yes
12,29791,1757,Chinook salmon,255,Fall,Natural,Button-up fry,32.0,,1,2026-01-09 10:00:05+00:00,2026-01-09T10:00:05Z,Continue trapping,Lower Feather River RST,RL,,Yes
12,29792,1757,Chinook salmon,255,Fall,Natural,Parr,37.0,,1,2026-01-09 10:00:05+00:00,2026-01-09T10:00:05Z,Continue trapping,Lower Feather River RST,RL,,Yes
12,29793,1757,Chinook salmon,255,Fall,Natural,Parr,35.0,,1,2026-01-09 10:00:05+00:00,2026-01-09T10:00:05Z,Continue trapping,Lower Feather River RST,RL,,Yes
12,29794,1757,Chinook salmon,255,Fall,Natural,Parr,34.0,,1,2026-01-09 10:00:05+00:00,2026-01-09T10:00:05Z,Continue trapping,Lower Feather River RST,RL,,Yes
12,29795,1757,Chinook salmon,255,Fall,Natural,Parr,38.0,,1,2026-01-09 10:00:05+00:00,2026-01-09T10:00:05Z,Continue trapping,Lower Feather River RST,RL,,Yes
12,29796,1757,Chinook salmon,255,Fall,Natural,Parr,36.0,,1,2026-01-09 10:00:05+00:00,2026-01-09T10:00:05Z,Continue trapping,Lower Feather River RST,RL,,Yes
12,29797,1757,Chinook salmon,255,Spring,Natural,Parr,44.0,,1,2026-01-09 10:00:05+00:00,2026-01-09T10:00:05Z,Continue trapping,Lower Feather River RST,RL,,Yes
12,29798,1757,Bluegill,255,Not recorded,Natural,Not recorded,,27.0,1,2026-01-09 10:00:05+00:00,2026-01-09T10:00:05Z,Continue trapping,Lower Feather River RST,RL,,Yes
12,29799,1757,Mosquitofish,255,Not recorded,Natural,Not recorded,,29.0,1,2026-01-09 10:00:05+00:00,2026-01-09T10:00:05Z,Continue trapping,Lower Feather River RST,RL,,Yes
12,29800,1757,Mosquitofish,255,Not recorded,Natural,Not recorded,,30.0,1,2026-01-09 10:00:05+00:00,2026-01-09T10:00:05Z,Continue trapping,Lower Feather River RST,RL,,Yes
12,29801,1757,Steelhead / rainbow trout,255,Not recorded,Natural,Yearling,184.0,,1,2026-01-09 10:00:05+00:00,2026-01-09T10:00:05Z,Continue trapping,Lower Feather River RST,RL,,Yes
12,29802,1758,Chinook salmon,255,Fall,Natural,Parr,36.0,,1,2026-01-09 10:00:26+00:00,2026-01-09T10:00:26Z,Continue trapping,Lower Feather River RST,RR,,Yes
12,29803,1758,Chinook salmon,255,Fall,Natural,Parr,36.0,,1,2026-01-09 10:00:26+00:00,2026-01-09T10:00:26Z,Continue trapping,Lower Feather River RST,RR,,Yes
12,29804,1758,Chinook salmon,255,Fall,Natural,Parr,40.0,,1,2026-01-09 10:00:26+00:00,2026-01-09T10:00:26Z,Continue trapping,Lower Feather River RST,RR,,Yes
12,29805,1758,Chinook salmon,255,Fall,Natural,Parr,39.0,,1,2026-01-09 10:00:26+00:00,2026-01-09T10:00:26Z,Continue trapping,Lower Feather River RST,RR,,Yes
12,29806,1758,Chinook salmon,255,Fall,Natural,Parr,36.0,,1,2026-01-09 10:00:26+00:00,2026-01-09T10:00:26Z,Continue trapping,Lower Feather River RST,RR,,Yes
12,29807,1758,Chinook salmon,255,Fall,Natural,Parr,38.0,,1,2026-01-09 10:00:26+00:00,2026-01-09T10:00:26Z,Continue trapping,Lower Feather River RST,RR,,Yes
12,29808,1758,Chinook salmon,255,Fall,Natural,Parr,36.0,,1,2026-01-09 10:00:26+00:00,2026-01-09T10:00:26Z,Continue trapping,Lower Feather River RST,RR,,Yes
12,29809,1758,Chinook salmon,255,Fall,Natural,Parr,37.0,,1,2026-01-09 10:00:26+00:00,2026-01-09T10:00:26Z,Continue trapping,Lower Feather River RST,RR,,Yes
12,29810,1758,Chinook salmon,255,Fall,Natural,Parr,36.0,,1,2026-01-09 10:00:26+00:00,2026-01-09T10:00:26Z,Continue trapping,Lower Feather River RST,RR,,Yes
12,29811,1758,Chinook salmon,255,Fall,Natural,Parr,35.0,,1,2026-01-09 10:00:26+00:00,2026-01-09T10:00:26Z,Continue trapping,Lower Feather River RST,RR,,Yes
12,29812,1758,Chinook salmon,255,Fall,Natural,Parr,40.0,,1,2026-01-09 10:00:26+00:00,2026-01-09T10:00:26Z,Continue trapping,Lower Feather River RST,RR,,Yes
12,29813,1758,Chinook salmon,255,Fall,Natural,Parr,37.0,,1,2026-01-09 10:00:26+00:00,2026-01-09T10:00:26Z,Continue trapping,Lower Feather River RST,RR,,Yes
12,29814,1758,Chinook salmon,255,Fall,Natural,Parr,38.0,,1,2026-01-09 10:00:26+00:00,2026-01-09T10:00:26Z,Continue trapping,Lower Feather River RST,RR,,Yes
12,29815,1758,Chinook salmon,255,Fall,Natural,Parr,36.0,,1,2026-01-09 10:00:26+00:00,2026-01-09T10:00:26Z,Continue trapping,Lower Feather River RST,RR,,Yes
12,29816,1758,Chinook salmon,255,Fall,Natural,Parr,34.0,,1,2026-01-09 10:00:26+00:00,2026-01-09T10:00:26Z,Continue trapping,Lower Feather River RST,RR,,Yes
12,29817,1758,Chinook salmon,255,Fall,Natural,Parr,34.0,,1,2026-01-09 10:00:26+00:00,2026-01-09T10:00:26Z,Continue trapping,Lower Feather River RST,RR,,Yes
12,29818,1758,Chinook salmon,255,Fall,Natural,Parr,37.0,,1,2026-01-09 10:00:26+00:00,2026-01-09T10:00:26Z,Continue trapping,Lower Feather River RST,RR,,Yes
12,29819,1758,Chinook salmon,255,Fall,Natural,Parr,36.0,,1,2026-01-09 10:00:26+00:00,2026-01-09T10:00:26Z,Continue trapping,Lower Feather River RST,RR,,Yes
12,29820,1758,Chinook salmon,255,Fall,Natural,Parr,36.0,,1,2026-01-09 10:00:26+00:00,2026-01-09T10:00:26Z,Continue trapping,Lower Feather River RST,RR,,Yes
12,29821,1758,Chinook salmon,255,Fall,Natural,Parr,36.0,,1,2026-01-09 10:00:26+00:00,2026-01-09T10:00:26Z,Continue trapping,Lower Feather River RST,RR,,Yes
12,29822,1758,Chinook salmon,255,Fall,Natural,Parr,37.0,,1,2026-01-09 10:00:26+00:00,2026-01-09T10:00:26Z,Continue trapping,Lower Feather River RST,RR,,Yes
12,29823,1758,Chinook salmon,255,Fall,Natural,Parr,36.0,,1,2026-01-09 10:00:26+00:00,2026-01-09T10:00:26Z,Continue trapping,Lower Feather River RST,RR,,Yes
12,29824,1758,Chinook salmon,255,Fall,Natural,Parr,34.0,,1,2026-01-09 10:00:26+00:00,2026-01-09T10:00:26Z,Continue trapping,Lower Feather River RST,RR,,Yes
12,29825,1758,Chinook salmon,255,Fall,Natural,Parr,36.0,,1,2026-01-09 10:00:26+00:00,2026-01-09T10:00:26Z,Continue trapping,Lower Feather River RST,RR,,Yes
12,29826,1758,Chinook salmon,255,Fall,Natural,Parr,35.0,,1,2026-01-09 10:00:26+00:00,2026-01-09T10:00:26Z,Continue trapping,Lower Feather River RST,RR,,Yes
12,29827,1758,Chinook salmon,255,Fall,Natural,Parr,39.0,,1,2026-01-09 10:00:26+00:00,2026-01-09T10:00:26Z,Continue trapping,Lower Feather River RST,RR,,Yes
12,29828,1758,Chinook salmon,255,Fall,Natural,Parr,38.0,,1,2026-01-09 10:00:26+00:00,2026-01-09T10:00:26Z,Continue trapping,Lower Feather River RST,RR,,Yes
12,29829,1758,Chinook salmon,255,Fall,Natural,Parr,40.0,,1,2026-01-09 10:00:26+00:00,2026-01-09T10:00:26Z,Continue trapping,Lower Feather River RST,RR,,Yes
12,29830,1758,Chinook salmon,255,Fall,Natural,Parr,36.0,,1,2026-01-09 10:00:26+00:00,2026-01-09T10:00:26Z,Continue trapping,Lower Feather River RST,RR,,Yes
12,29831,1758,Chinook salmon,255,Fall,Natural,Parr,38.0,,1,2026-01-09 10:00:26+00:00,2026-01-09T10:00:26Z,Continue trapping,Lower Feather River RST,RR,,Yes
12,29832,1758,Chinook salmon,255,Fall,Natural,Parr,35.0,,1,2026-01-09 10:00:26+00:00,2026-01-09T10:00:26Z,Continue trapping,Lower Feather River RST,RR,,Yes
12,29833,1758,Chinook salmon,255,Fall,Natural,Parr,35.0,,1,2026-01-09 10:00:26+00:00,2026-01-09T10:00:26Z,Continue trapping,Lower Feather River RST,RR,,Yes
12,29834,1758,Chinook salmon,255,Fall,Natural,Parr,37.0,,1,2026-01-09 10:00:26+00:00,2026-01-09T10:00:26Z,Continue trapping,Lower Feather River RST,RR,,Yes
12,29835,1758,Chinook salmon,255,Fall,Natural,Parr,37.0,,1,2026-01-09 10:00:26+00:00,2026-01-09T10:00:26Z,Continue trapping,Lower Feather River RST,RR,,Yes
12,29836,1758,Chinook salmon,255,Fall,Natural,Parr,34.0,,1,2026-01-09 10:00:26+00:00,2026-01-09T10:00:26Z,Continue trapping,Lower Feather River RST,RR,,Yes
12,29837,1758,Chinook salmon,255,Fall,Natural,Parr,37.0,,1,2026-01-09 10:00:26+00:00,2026-01-09T10:00:26Z,Continue trapping,Lower Feather River RST,RR,,Yes
12,29838,1758,Chinook salmon,255,Fall,Natural,Parr,35.0,,1,2026-01-09 10:00:26+00:00,2026-01-09T10:00:26Z,Continue trapping,Lower Feather River RST,RR,,Yes
12,29839,1758,Chinook salmon,255,Fall,Natural,Parr,32.0,,1,2026-01-09 10:00:26+00:00,2026-01-09T10:00:26Z,Continue trapping,Lower Feather River RST,RR,,Yes
12,29840,1758,Chinook salmon,255,Fall,Natural,Parr,37.0,,1,2026-01-09 10:00:26+00:00,2026-01-09T10:00:26Z,Continue trapping,Lower Feather River RST,RR,,Yes
12,29841,1758,Chinook salmon,255,Fall,Natural,Parr,37.0,,1,2026-01-09 10:00:26+00:00,2026-01-09T10:00:26Z,Continue trapping,Lower Feather River RST,RR,,Yes
12,29842,1758,Chinook salmon,255,Fall,Natural,Parr,34.0,,1,2026-01-09 10:00:26+00:00,2026-01-09T10:00:26Z,Continue trapping,Lower Feather River RST,RR,,Yes
12,29843,1758,Chinook salmon,255,Fall,Natural,Parr,34.0,,1,2026-01-09 10:00:26+00:00,2026-01-09T10:00:26Z,Continue trapping,Lower Feather River RST,RR,,Yes
12,29844,1758,Chinook salmon,255,Fall,Natural,Parr,37.0,,1,2026-01-09 10:00:26+00:00,2026-01-09T10:00:26Z,Continue trapping,Lower Feather River RST,RR,,Yes
12,29845,1758,Chinook salmon,255,Fall,Natural,Parr,34.0,,1,2026-01-09 10:00:26+00:00,2026-01-09T10:00:26Z,Continue trapping,Lower Feather River RST,RR,,Yes
12,29846,1758,Chinook salmon,255,Fall,Natural,Parr,35.0,,1,2026-01-09 10:00:26+00:00,2026-01-09T10:00:26Z,Continue trapping,Lower Feather River RST,RR,,Yes
12,29847,1758,Chinook salmon,255,Fall,Natural,Parr,38.0,,1,2026-01-09 10:00:26+00:00,2026-01-09T10:00:26Z,Continue trapping,Lower Feather River RST,RR,,Yes
12,29848,1758,Chinook salmon,255,Fall,Natural,Parr,36.0,,1,2026-01-09 10:00:26+00:00,2026-01-09T10:00:26Z,Continue trapping,Lower Feather River RST,RR,,Yes
12,29849,1758,Chinook salmon,255,Fall,Natural,Parr,35.0,,1,2026-01-09 10:00:26+00:00,2026-01-09T10:00:26Z,Continue trapping,Lower Feather River RST,RR,,Yes
12,29850,1758,Chinook salmon,255,Fall,Natural,Parr,38.0,,1,2026-01-09 10:00:26+00:00,2026-01-09T10:00:26Z,Continue trapping,Lower Feather River RST,RR,,Yes
12,29851,1758,Chinook salmon,255,Fall,Natural,Parr,33.0,,1,2026-01-09 10:00:26+00:00,2026-01-09T10:00:26Z,Continue trapping,Lower Feather River RST,RR,,Yes
12,29852,1758,Chinook salmon,255,Spring,Natural,Parr,44.0,,1,2026-01-09 10:00:26+00:00,2026-01-09T10:00:26Z,Continue trapping,Lower Feather River RST,RR,,Yes
12,29853,1758,Steelhead / rainbow trout,255,Not recorded,Natural,Yearling,165.0,,1,2026-01-09 10:00:26+00:00,2026-01-09T10:00:26Z,Continue trapping,Lower Feather River RST,RR,,Yes
12,29854,1758,Steelhead / rainbow trout,255,Not recorded,Natural,Yearling,211.0,,1,2026-01-09 10:00:26+00:00,2026-01-09T10:00:26Z,Continue trapping,Lower Feather River RST,RR,,Yes
12,29855,1758,Steelhead / rainbow trout,255,Not recorded,Natural,Yearling,193.0,,1,2026-01-09 10:00:26+00:00,2026-01-09T10:00:26Z,Continue trapping,Lower Feather River RST,RR,,Yes
12,29856,1758,Steelhead / rainbow trout,255,Not recorded,Natural,Yearling,177.0,,1,2026-01-09 10:00:26+00:00,2026-01-09T10:00:26Z,Continue trapping,Lower Feather River RST,RR,,Yes
12,29857,1758,Steelhead / rainbow trout,255,Not recorded,Natural,Yearling,194.0,,1,2026-01-09 10:00:26+00:00,2026-01-09T10:00:26Z,Continue trapping,Lower Feather River RST,RR,,Yes
12,29858,1758,Steelhead / rainbow trout,255,Not recorded,Natural,Yearling,237.0,,1,2026-01-09 10:00:26+00:00,2026-01-09T10:00:26Z,Continue trapping,Lower Feather River RST,RR,,Yes
12,29859,1758,Steelhead / rainbow trout,255,Not recorded,Natural,Yearling,206.0,,1,2026-01-09 10:00:26+00:00,2026-01-09T10:00:26Z,Continue trapping,Lower Feather River RST,RR,,Yes
12,29860,1758,Steelhead / rainbow trout,255,Not recorded,Natural,Yearling,154.0,,1,2026-01-09 10:00:26+00:00,2026-01-09T10:00:26Z,Continue trapping,Lower Feather River RST,RR,,Yes
12,29861,1758,Black crappie,255,Not recorded,Natural,Not recorded,,78.0,1,2026-01-09 10:00:26+00:00,2026-01-09T10:00:26Z,Continue trapping,Lower Feather River RST,RR,,Yes
12,29862,1758,Bluegill,255,Not recorded,Natural,Not recorded,,31.0,1,2026-01-09 10:00:26+00:00,2026-01-09T10:00:26Z,Continue trapping,Lower Feather River RST,RR,,Yes
12,29863,1758,Mosquitofish,255,Not recorded,Natural,Not recorded,,28.0,1,2026-01-09 10:00:26+00:00,2026-01-09T10:00:26Z,Continue trapping,Lower Feather River RST,RR,,Yes
12,29864,1758,Mosquitofish,255,Not recorded,Natural,Not recorded,,30.0,1,2026-01-09 10:00:26+00:00,2026-01-09T10:00:26Z,Continue trapping,Lower Feather River RST,RR,,Yes
12,29865,1758,Mosquitofish,255,Not recorded,Natural,Not recorded,,32.0,1,2026-01-09 10:00:26+00:00,2026-01-09T10:00:26Z,Continue trapping,Lower Feather River RST,RR,,Yes
12,29866,1758,Mosquitofish,255,Not recorded,Natural,Not recorded,,31.0,1,2026-01-09 10:00:26+00:00,2026-01-09T10:00:26Z,Continue trapping,Lower Feather River RST,RR,,Yes
12,29867,1758,Mosquitofish,255,Not recorded,Natural,Not recorded,,,1,2026-01-09 10:00:26+00:00,2026-01-09T10:00:26Z,Continue trapping,Lower Feather River RST,RR,,Yes
12,29868,1758,Wakasagi / Japanese smelt,255,Not recorded,Natural,Not recorded,,65.0,1,2026-01-09 10:00:26+00:00,2026-01-09T10:00:26Z,Continue trapping,Lower Feather River RST,RR,,Yes
12,29869,1758,Wakasagi / Japanese smelt,255,Not recorded,Natural,Not recorded,,44.0,1,2026-01-09 10:00:26+00:00,2026-01-09T10:00:26Z,Continue trapping,Lower Feather River RST,RR,,Yes
12,29870,1759,Chinook salmon,255,Fall,Natural,Fry,36.0,,1,2026-01-10 10:30:13+00:00,2026-01-10T10:30:13Z,Continue trapping,Lower Feather River RST,RL,,Yes
12,29871,1759,Chinook salmon,255,Fall,Natural,Parr,36.0,,1,2026-01-10 10:30:13+00:00,2026-01-10T10:30:13Z,Continue trapping,Lower Feather River RST,RL,,Yes
12,29872,1759,Chinook salmon,255,Fall,Natural,Parr,32.0,,1,2026-01-10 10:30:13+00:00,2026-01-10T10:30:13Z,Continue trapping,Lower Feather River RST,RL,,Yes
12,29873,1759,Chinook salmon,255,Fall,Natural,Parr,38.0,,1,2026-01-10 10:30:13+00:00,2026-01-10T10:30:13Z,Continue trapping,Lower Feather River RST,RL,,Yes
12,29874,1759,Chinook salmon,255,Fall,Natural,Parr,37.0,,1,2026-01-10 10:30:13+00:00,2026-01-10T10:30:13Z,Continue trapping,Lower Feather River RST,RL,,Yes
12,29875,1759,Chinook salmon,255,Fall,Natural,Parr,35.0,,1,2026-01-10 10:30:13+00:00,2026-01-10T10:30:13Z,Continue trapping,Lower Feather River RST,RL,,Yes
12,29876,1759,Chinook salmon,255,Fall,Natural,Fry,38.0,,1,2026-01-10 10:30:13+00:00,2026-01-10T10:30:13Z,Continue trapping,Lower Feather River RST,RL,,Yes
12,29877,1759,Chinook salmon,255,Fall,Natural,Parr,38.0,,1,2026-01-10 10:30:13+00:00,2026-01-10T10:30:13Z,Continue trapping,Lower Feather River RST,RL,,Yes
12,29878,1759,Chinook salmon,255,Fall,Natural,Parr,36.0,,1,2026-01-10 10:30:13+00:00,2026-01-10T10:30:13Z,Continue trapping,Lower Feather River RST,RL,,Yes
12,29879,1759,Chinook salmon,255,Fall,Natural,Fry,34.0,,1,2026-01-10 10:30:13+00:00,2026-01-10T10:30:13Z,Continue trapping,Lower Feather River RST,RL,,Yes
12,29880,1759,Chinook salmon,255,Fall,Natural,Fry,38.0,,1,2026-01-10 10:30:13+00:00,2026-01-10T10:30:13Z,Continue trapping,Lower Feather River RST,RL,,Yes
12,29881,1759,Chinook salmon,255,Fall,Natural,Parr,35.0,,1,2026-01-10 10:30:13+00:00,2026-01-10T10:30:13Z,Continue trapping,Lower Feather River RST,RL,,Yes
12,29882,1759,Chinook salmon,255,Fall,Natural,Parr,35.0,,1,2026-01-10 10:30:13+00:00,2026-01-10T10:30:13Z,Continue trapping,Lower Feather River RST,RL,,Yes
12,29883,1759,Chinook salmon,255,Fall,Natural,Fry,35.0,,1,2026-01-10 10:30:13+00:00,2026-01-10T10:30:13Z,Continue trapping,Lower Feather River RST,RL,,Yes
12,29884,1759,Chinook salmon,255,Fall,Natural,Fry,34.0,,1,2026-01-10 10:30:13+00:00,2026-01-10T10:30:13Z,Continue trapping,Lower Feather River RST,RL,,Yes
12,29885,1759,Chinook salmon,255,Fall,Natural,Parr,33.0,,1,2026-01-10 10:30:13+00:00,2026-01-10T10:30:13Z,Continue trapping,Lower Feather River RST,RL,,Yes
12,29886,1759,Chinook salmon,255,Fall,Natural,Parr,39.0,,1,2026-01-10 10:30:13+00:00,2026-01-10T10:30:13Z,Continue trapping,Lower Feather River RST,RL,,Yes
12,29887,1759,Chinook salmon,255,Fall,Natural,Parr,36.0,,1,2026-01-10 10:30:13+00:00,2026-01-10T10:30:13Z,Continue trapping,Lower Feather River RST,RL,,Yes
12,29888,1759,Chinook salmon,255,Fall,Natural,Parr,37.0,,1,2026-01-10 10:30:13+00:00,2026-01-10T10:30:13Z,Continue trapping,Lower Feather River RST,RL,,Yes
12,29889,1760,Chinook salmon,255,Fall,Natural,Fry,36.0,,1,2026-01-10 10:30:17+00:00,2026-01-10T10:30:17Z,Unplanned restart,Lower Feather River RST,RR,,Yes
12,29890,1760,Chinook salmon,255,Fall,Natural,Fry,34.0,,1,2026-01-10 10:30:17+00:00,2026-01-10T10:30:17Z,Unplanned restart,Lower Feather River RST,RR,,Yes
12,29891,1760,Chinook salmon,255,Fall,Natural,Fry,34.0,,1,2026-01-10 10:30:17+00:00,2026-01-10T10:30:17Z,Unplanned restart,Lower Feather River RST,RR,,Yes
12,29892,1760,Chinook salmon,255,Fall,Natural,Fry,34.0,,1,2026-01-10 10:30:17+00:00,2026-01-10T10:30:17Z,Unplanned restart,Lower Feather River RST,RR,,Yes
12,29893,1760,Chinook salmon,255,Fall,Natural,Parr,37.0,,1,2026-01-10 10:30:17+00:00,2026-01-10T10:30:17Z,Unplanned restart,Lower Feather River RST,RR,,Yes
12,29894,1760,Chinook salmon,255,Fall,Natural,Fry,35.0,,1,2026-01-10 10:30:17+00:00,2026-01-10T10:30:17Z,Unplanned restart,Lower Feather River RST,RR,,Yes
12,29895,1760,Chinook salmon,255,Fall,Natural,Parr,37.0,,1,2026-01-10 10:30:17+00:00,2026-01-10T10:30:17Z,Unplanned restart,Lower Feather River RST,RR,,Yes
12,29896,1760,Chinook salmon,255,Fall,Natural,Fry,37.0,,1,2026-01-10 10:30:17+00:00,2026-01-10T10:30:17Z,Unplanned restart,Lower Feather River RST,RR,,Yes
12,29897,1760,Chinook salmon,255,Fall,Natural,Fry,34.0,,1,2026-01-10 10:30:17+00:00,2026-01-10T10:30:17Z,Unplanned restart,Lower Feather River RST,RR,,Yes
12,29898,1760,Chinook salmon,255,Fall,Natural,Fry,39.0,,1,2026-01-10 10:30:17+00:00,2026-01-10T10:30:17Z,Unplanned restart,Lower Feather River RST,RR,,Yes
12,29899,1760,Chinook salmon,255,Fall,Natural,Parr,40.0,,1,2026-01-10 10:30:17+00:00,2026-01-10T10:30:17Z,Unplanned restart,Lower Feather River RST,RR,,Yes
12,29900,1760,Chinook salmon,255,Fall,Natural,Parr,38.0,,1,2026-01-10 10:30:17+00:00,2026-01-10T10:30:17Z,Unplanned restart,Lower Feather River RST,RR,,Yes
12,29901,1760,Chinook salmon,255,Fall,Natural,Fry,35.0,,1,2026-01-10 10:30:17+00:00,2026-01-10T10:30:17Z,Unplanned restart,Lower Feather River RST,RR,,Yes
12,29902,1760,Chinook salmon,255,Fall,Natural,Fry,35.0,,1,2026-01-10 10:30:17+00:00,2026-01-10T10:30:17Z,Unplanned restart,Lower Feather River RST,RR,,Yes
12,29903,1760,Chinook salmon,255,Fall,Natural,Fry,34.0,,1,2026-01-10 10:30:17+00:00,2026-01-10T10:30:17Z,Unplanned restart,Lower Feather River RST,RR,,Yes
12,29904,1760,Chinook salmon,255,Fall,Natural,Fry,36.0,,1,2026-01-10 10:30:17+00:00,2026-01-10T10:30:17Z,Unplanned restart,Lower Feather River RST,RR,,Yes
12,29905,1760,Chinook salmon,255,Fall,Natural,Parr,40.0,,1,2026-01-10 10:30:17+00:00,2026-01-10T10:30:17Z,Unplanned restart,Lower Feather River RST,RR,,Yes
12,29906,1760,Chinook salmon,255,Fall,Natural,Fry,33.0,,1,2026-01-10 10:30:17+00:00,2026-01-10T10:30:17Z,Unplanned restart,Lower Feather River RST,RR,,Yes
12,29907,1760,Chinook salmon,255,Fall,Natural,Parr,35.0,,1,2026-01-10 10:30:17+00:00,2026-01-10T10:30:17Z,Unplanned restart,Lower Feather River RST,RR,,Yes
12,29908,1760,Chinook salmon,255,Fall,Natural,Parr,37.0,,1,2026-01-10 10:30:17+00:00,2026-01-10T10:30:17Z,Unplanned restart,Lower Feather River RST,RR,,Yes
12,29909,1760,Chinook salmon,255,Fall,Natural,Fry,37.0,,1,2026-01-10 10:30:17+00:00,2026-01-10T10:30:17Z,Unplanned restart,Lower Feather River RST,RR,,Yes
12,29910,1760,Chinook salmon,255,Fall,Natural,Parr,36.0,,1,2026-01-10 10:30:17+00:00,2026-01-10T10:30:17Z,Unplanned restart,Lower Feather River RST,RR,,Yes
12,29911,1760,Chinook salmon,255,Fall,Natural,Fry,34.0,,1,2026-01-10 10:30:17+00:00,2026-01-10T10:30:17Z,Unplanned restart,Lower Feather River RST,RR,,Yes
12,29912,1760,Chinook salmon,255,Fall,Natural,Fry,35.0,,1,2026-01-10 10:30:17+00:00,2026-01-10T10:30:17Z,Unplanned restart,Lower Feather River RST,RR,,Yes
12,29913,1760,Chinook salmon,255,Fall,Natural,Parr,39.0,,1,2026-01-10 10:30:17+00:00,2026-01-10T10:30:17Z,Unplanned restart,Lower Feather River RST,RR,,Yes
12,29914,1760,Chinook salmon,255,Fall,Natural,Fry,37.0,,1,2026-01-10 10:30:17+00:00,2026-01-10T10:30:17Z,Unplanned restart,Lower Feather River RST,RR,,Yes
12,29915,1760,Chinook salmon,255,Fall,Natural,Fry,38.0,,1,2026-01-10 10:30:17+00:00,2026-01-10T10:30:17Z,Unplanned restart,Lower Feather River RST,RR,,Yes
12,29916,1760,Chinook salmon,255,Fall,Natural,Fry,37.0,,1,2026-01-10 10:30:17+00:00,2026-01-10T10:30:17Z,Unplanned restart,Lower Feather River RST,RR,,Yes
12,29917,1760,Chinook salmon,255,Fall,Natural,Fry,35.0,,1,2026-01-10 10:30:17+00:00,2026-01-10T10:30:17Z,Unplanned restart,Lower Feather River RST,RR,,Yes
12,29918,1760,Chinook salmon,255,Fall,Natural,Fry,34.0,,1,2026-01-10 10:30:17+00:00,2026-01-10T10:30:17Z,Unplanned restart,Lower Feather River RST,RR,,Yes
12,29919,1760,Chinook salmon,255,Fall,Natural,Parr,37.0,,1,2026-01-10 10:30:17+00:00,2026-01-10T10:30:17Z,Unplanned restart,Lower Feather River RST,RR,,Yes
12,29920,1760,Chinook salmon,255,Fall,Natural,Parr,38.0,,1,2026-01-10 10:30:17+00:00,2026-01-10T10:30:17Z,Unplanned restart,Lower Feather River RST,RR,,Yes
12,29921,1760,Chinook salmon,255,Fall,Natural,Fry,35.0,,1,2026-01-10 10:30:17+00:00,2026-01-10T10:30:17Z,Unplanned restart,Lower Feather River RST,RR,,Yes
12,29922,1760,Chinook salmon,255,Fall,Natural,Parr,34.0,,1,2026-01-10 10:30:17+00:00,2026-01-10T10:30:17Z,Unplanned restart,Lower Feather River RST,RR,,Yes
12,29923,1760,Chinook salmon,255,Fall,Natural,Fry,34.0,,1,2026-01-10 10:30:17+00:00,2026-01-10T10:30:17Z,Unplanned restart,Lower Feather River RST,RR,,Yes
12,29924,1760,Chinook salmon,255,Fall,Natural,Fry,36.0,,1,2026-01-10 10:30:17+00:00,2026-01-10T10:30:17Z,Unplanned restart,Lower Feather River RST,RR,,Yes
12,29925,1760,Chinook salmon,255,Fall,Natural,Parr,38.0,,1,2026-01-10 10:30:17+00:00,2026-01-10T10:30:17Z,Unplanned restart,Lower Feather River RST,RR,,Yes
12,29926,1760,Chinook salmon,255,Fall,Natural,Parr,38.0,,1,2026-01-10 10:30:17+00:00,2026-01-10T10:30:17Z,Unplanned restart,Lower Feather River RST,RR,,Yes
12,29927,1760,Chinook salmon,255,Fall,Natural,Fry,37.0,,1,2026-01-10 10:30:17+00:00,2026-01-10T10:30:17Z,Unplanned restart,Lower Feather River RST,RR,,Yes
12,29928,1760,Chinook salmon,255,Fall,Natural,Parr,37.0,,1,2026-01-10 10:30:17+00:00,2026-01-10T10:30:17Z,Unplanned restart,Lower Feather River RST,RR,,Yes
12,29929,1760,Chinook salmon,255,Fall,Natural,Parr,38.0,,1,2026-01-10 10:30:17+00:00,2026-01-10T10:30:17Z,Unplanned restart,Lower Feather River RST,RR,,Yes
12,29930,1760,Chinook salmon,255,Fall,Natural,Fry,35.0,,1,2026-01-10 10:30:17+00:00,2026-01-10T10:30:17Z,Unplanned restart,Lower Feather River RST,RR,,Yes
12,29931,1760,Chinook salmon,255,Fall,Natural,Parr,40.0,,1,2026-01-10 10:30:17+00:00,2026-01-10T10:30:17Z,Unplanned restart,Lower Feather River RST,RR,,Yes
12,29932,1760,Chinook salmon,255,Fall,Natural,Fry,36.0,,1,2026-01-10 10:30:17+00:00,2026-01-10T10:30:17Z,Unplanned restart,Lower Feather River RST,RR,,Yes
12,29933,1760,Chinook salmon,255,Fall,Natural,Fry,34.0,,1,2026-01-10 10:30:17+00:00,2026-01-10T10:30:17Z,Unplanned restart,Lower Feather River RST,RR,,Yes
12,29934,1760,Chinook salmon,255,Fall,Natural,Parr,36.0,,1,2026-01-10 10:30:17+00:00,2026-01-10T10:30:17Z,Unplanned restart,Lower Feather River RST,RR,,Yes
12,29935,1760,Chinook salmon,255,Fall,Natural,Parr,38.0,,1,2026-01-10 10:30:17+00:00,2026-01-10T10:30:17Z,Unplanned restart,Lower Feather River RST,RR,,Yes
12,29936,1760,Chinook salmon,255,Fall,Natural,Fry,31.0,,1,2026-01-10 10:30:17+00:00,2026-01-10T10:30:17Z,Unplanned restart,Lower Feather River RST,RR,,Yes
12,29937,1760,Chinook salmon,255,Fall,Natural,Fry,35.0,,1,2026-01-10 10:30:17+00:00,2026-01-10T10:30:17Z,Unplanned restart,Lower Feather River RST,RR,,Yes
12,29938,1760,Chinook salmon,255,Fall,Natural,Parr,39.0,,1,2026-01-10 10:30:17+00:00,2026-01-10T10:30:17Z,Unplanned restart,Lower Feather River RST,RR,,Yes
12,29939,1760,Chinook salmon,255,Fall,Natural,Not recorded,,,1,2026-01-10 10:30:17+00:00,2026-01-10T10:30:17Z,Unplanned restart,Lower Feather River RST,RR,,Yes
12,29940,1760,Chinook salmon,255,Fall,Natural,Not recorded,,,40,2026-01-10 10:30:17+00:00,2026-01-10T10:30:17Z,Unplanned restart,Lower Feather River RST,RR,,Yes
12,29942,1760,Bluegill,255,Not recorded,Natural,Not recorded,,24.0,1,2026-01-10 10:30:17+00:00,2026-01-10T10:30:17Z,Unplanned restart,Lower Feather River RST,RR,Fall,Yes
12,29943,1760,Bluegill,255,Not recorded,Natural,Not recorded,,18.0,1,2026-01-10 10:30:17+00:00,2026-01-10T10:30:17Z,Unplanned restart,Lower Feather River RST,RR,,Yes
12,29944,1760,Bluegill,255,Not recorded,Natural,Not recorded,,39.0,1,2026-01-10 10:30:17+00:00,2026-01-10T10:30:17Z,Unplanned restart,Lower Feather River RST,RR,,Yes
12,29945,1760,Mosquitofish,255,Not recorded,Natural,Not recorded,,36.0,1,2026-01-10 10:30:17+00:00,2026-01-10T10:30:17Z,Unplanned restart,Lower Feather River RST,RR,,Yes
12,29946,1761,Chinook salmon,255,Fall,Natural,Fry,35.0,,1,2026-01-11 10:00:01+00:00,2026-01-11T10:00:01Z,Continue trapping,Lower Feather River RST,RL,,Yes
12,29947,1761,Chinook salmon,255,Fall,Natural,Fry,31.0,,1,2026-01-11 10:00:01+00:00,2026-01-11T10:00:01Z,Continue trapping,Lower Feather River RST,RL,,Yes
12,29948,1761,Chinook salmon,255,Fall,Natural,Fry,34.0,,1,2026-01-11 10:00:01+00:00,2026-01-11T10:00:01Z,Continue trapping,Lower Feather River RST,RL,,Yes
12,29949,1761,Chinook salmon,255,Fall,Natural,Parr,35.0,,1,2026-01-11 10:00:01+00:00,2026-01-11T10:00:01Z,Continue trapping,Lower Feather River RST,RL,,Yes
12,29950,1761,Chinook salmon,255,Fall,Natural,Parr,,,0,2026-01-11 10:00:01+00:00,2026-01-11T10:00:01Z,Continue trapping,Lower Feather River RST,RL,,Yes
12,29951,1762,Channel catfish,255,Not recorded,Natural,Not recorded,,77.0,1,2026-01-11 10:00:48+00:00,2026-01-11T10:00:48Z,Continue trapping,Lower Feather River RST,RR,,Yes
12,29952,1762,Chinook salmon,255,Fall,Natural,Parr,35.0,,1,2026-01-11 10:00:48+00:00,2026-01-11T10:00:48Z,Continue trapping,Lower Feather River RST,RR,,Yes
12,29953,1762,Chinook salmon,255,Fall,Natural,Parr,36.0,,1,2026-01-11 10:00:48+00:00,2026-01-11T10:00:48Z,Continue trapping,Lower Feather River RST,RR,,Yes
12,29954,1762,Chinook salmon,255,Fall,Natural,Parr,36.0,,1,2026-01-11 10:00:48+00:00,2026-01-11T10:00:48Z,Continue trapping,Lower Feather River RST,RR,,Yes
12,29955,1762,Chinook salmon,255,Fall,Natural,Parr,35.0,,1,2026-01-11 10:00:48+00:00,2026-01-11T10:00:48Z,Continue trapping,Lower Feather River RST,RR,,Yes
12,29956,1762,Chinook salmon,255,Fall,Natural,Parr,35.0,,1,2026-01-11 10:00:48+00:00,2026-01-11T10:00:48Z,Continue trapping,Lower Feather River RST,RR,,Yes
12,29957,1762,Chinook salmon,255,Fall,Natural,Parr,34.0,,1,2026-01-11 10:00:48+00:00,2026-01-11T10:00:48Z,Continue trapping,Lower Feather River RST,RR,,Yes
12,29958,1762,Chinook salmon,255,Fall,Natural,Fry,37.0,,1,2026-01-11 10:00:48+00:00,2026-01-11T10:00:48Z,Continue trapping,Lower Feather River RST,RR,,Yes
12,29959,1762,Chinook salmon,255,Fall,Natural,Fry,33.0,,1,2026-01-11 10:00:48+00:00,2026-01-11T10:00:48Z,Continue trapping,Lower Feather River RST,RR,,Yes
12,29960,1762,Chinook salmon,255,Fall,Natural,Parr,35.0,,1,2026-01-11 10:00:48+00:00,2026-01-11T10:00:48Z,Continue trapping,Lower Feather River RST,RR,,Yes
12,29961,1762,Chinook salmon,255,Fall,Natural,Parr,34.0,,1,2026-01-11 10:00:48+00:00,2026-01-11T10:00:48Z,Continue trapping,Lower Feather River RST,RR,,Yes
12,29962,1762,Chinook salmon,255,Fall,Natural,Parr,34.0,,1,2026-01-11 10:00:48+00:00,2026-01-11T10:00:48Z,Continue trapping,Lower Feather River RST,RR,,Yes
12,29963,1762,Chinook salmon,255,Fall,Natural,Parr,35.0,,1,2026-01-11 10:00:48+00:00,2026-01-11T10:00:48Z,Continue trapping,Lower Feather River RST,RR,,Yes
12,29964,1762,Chinook salmon,255,Fall,Natural,Parr,35.0,,1,2026-01-11 10:00:48+00:00,2026-01-11T10:00:48Z,Continue trapping,Lower Feather River RST,RR,,Yes
12,29965,1762,Chinook salmon,255,Fall,Natural,Parr,35.0,,1,2026-01-11 10:00:48+00:00,2026-01-11T10:00:48Z,Continue trapping,Lower Feather River RST,RR,,Yes
12,29966,1762,Chinook salmon,255,Fall,Natural,Parr,38.0,,1,2026-01-11 10:00:48+00:00,2026-01-11T10:00:48Z,Continue trapping,Lower Feather River RST,RR,,Yes
12,29967,1762,Chinook salmon,255,Fall,Natural,Parr,38.0,,1,2026-01-11 10:00:48+00:00,2026-01-11T10:00:48Z,Continue trapping,Lower Feather River RST,RR,,Yes
12,29968,1762,Chinook salmon,255,Fall,Natural,Parr,36.0,,1,2026-01-11 10:00:48+00:00,2026-01-11T10:00:48Z,Continue trapping,Lower Feather River RST,RR,,Yes
12,29969,1762,Chinook salmon,255,Fall,Natural,Parr,35.0,,1,2026-01-11 10:00:48+00:00,2026-01-11T10:00:48Z,Continue trapping,Lower Feather River RST,RR,,Yes
12,29970,1762,Chinook salmon,255,Fall,Natural,Fry,35.0,,1,2026-01-11 10:00:48+00:00,2026-01-11T10:00:48Z,Continue trapping,Lower Feather River RST,RR,,Yes
12,29971,1762,Chinook salmon,255,Fall,Natural,Parr,36.0,,1,2026-01-11 10:00:48+00:00,2026-01-11T10:00:48Z,Continue trapping,Lower Feather River RST,RR,,Yes
12,29972,1762,Chinook salmon,255,Fall,Natural,Parr,34.0,,1,2026-01-11 10:00:48+00:00,2026-01-11T10:00:48Z,Continue trapping,Lower Feather River RST,RR,,Yes
12,29973,1762,Chinook salmon,255,Fall,Natural,Parr,38.0,,1,2026-01-11 10:00:48+00:00,2026-01-11T10:00:48Z,Continue trapping,Lower Feather River RST,RR,,Yes
12,29974,1762,Chinook salmon,255,Fall,Natural,Not recorded,,,1,2026-01-11 10:00:48+00:00,2026-01-11T10:00:48Z,Continue trapping,Lower Feather River RST,RR,,Yes
12,29975,1763,Chinook salmon,255,Not recorded,Natural,Not recorded,,,0,2026-01-12 10:00:52+00:00,2026-01-12T10:00:52Z,Continue trapping,Lower Feather River RST,RL,,Yes
12,29976,1763,Steelhead / rainbow trout,255,Not recorded,Natural,Not recorded,,,0,2026-01-12 10:00:52+00:00,2026-01-12T10:00:52Z,Continue trapping,Lower Feather River RST,RL,,Yes
12,29977,1764,Chinook salmon,255,Fall,Natural,Button-up fry,34.0,,0,2026-01-12 10:00:10+00:00,2026-01-12T10:00:10Z,Continue trapping,Lower Feather River RST,RR,,Yes
12,29978,1764,Chinook salmon,255,Spring,Natural,Parr,44.0,,0,2026-01-12 10:00:10+00:00,2026-01-12T10:00:10Z,Continue trapping,Lower Feather River RST,RR,,Yes
12,29979,1765,Chinook salmon,255,Fall,Natural,Parr,43.0,,1,2026-01-13 11:15:53+00:00,2026-01-13T11:15:53Z,Continue trapping,Lower Feather River RST,RL,,Yes
12,29980,1765,Chinook salmon,255,Fall,Natural,Parr,35.0,,1,2026-01-13 11:15:53+00:00,2026-01-13T11:15:53Z,Continue trapping,Lower Feather River RST,RL,,Yes
12,29981,1765,Chinook salmon,255,Fall,Natural,Parr,42.0,,1,2026-01-13 11:15:53+00:00,2026-01-13T11:15:53Z,Continue trapping,Lower Feather River RST,RL,,Yes
12,29982,1765,Chinook salmon,255,Fall,Natural,Parr,37.0,,1,2026-01-13 11:15:53+00:00,2026-01-13T11:15:53Z,Continue trapping,Lower Feather River RST,RL,,Yes
12,29983,1765,Chinook salmon,255,Fall,Natural,Parr,36.0,,1,2026-01-13 11:15:53+00:00,2026-01-13T11:15:53Z,Continue trapping,Lower Feather River RST,RL,,Yes
12,29984,1765,Chinook salmon,255,Fall,Natural,Fry,36.0,,1,2026-01-13 11:15:53+00:00,2026-01-13T11:15:53Z,Continue trapping,Lower Feather River RST,RL,,Yes
12,29985,1765,Chinook salmon,255,Fall,Natural,Parr,35.0,,1,2026-01-13 11:15:53+00:00,2026-01-13T11:15:53Z,Continue trapping,Lower Feather River RST,RL,,Yes
12,29986,1765,Chinook salmon,255,Fall,Natural,Fry,37.0,,1,2026-01-13 11:15:53+00:00,2026-01-13T11:15:53Z,Continue trapping,Lower Feather River RST,RL,,Yes
12,29987,1765,Chinook salmon,255,Fall,Natural,Parr,35.0,,1,2026-01-13 11:15:53+00:00,2026-01-13T11:15:53Z,Continue trapping,Lower Feather River RST,RL,,Yes
12,29988,1765,Chinook salmon,255,Fall,Natural,Fry,33.0,,1,2026-01-13 11:15:53+00:00,2026-01-13T11:15:53Z,Continue trapping,Lower Feather River RST,RL,,Yes
12,29989,1766,Steelhead / rainbow trout,255,Not recorded,Natural,Yearling,133.0,,1,2026-01-13 11:15:28+00:00,2026-01-13T11:15:28Z,Continue trapping,Lower Feather River RST,RR,,Yes
12,29990,1766,Steelhead / rainbow trout,255,Not recorded,Hatchery,Yearling,212.0,,1,2026-01-13 11:15:28+00:00,2026-01-13T11:15:28Z,Continue trapping,Lower Feather River RST,RR,,Yes
12,29991,1766,Chinook salmon,255,Fall,Natural,Parr,40.0,,1,2026-01-13 11:15:28+00:00,2026-01-13T11:15:28Z,Continue trapping,Lower Feather River RST,RR,,Yes
12,29992,1766,Chinook salmon,255,Fall,Natural,Fry,37.0,,1,2026-01-13 11:15:28+00:00,2026-01-13T11:15:28Z,Continue trapping,Lower Feather River RST,RR,,Yes
12,29993,1766,Chinook salmon,255,Fall,Natural,Fry,33.0,,1,2026-01-13 11:15:28+00:00,2026-01-13T11:15:28Z,Continue trapping,Lower Feather River RST,RR,,Yes
12,29994,1766,Chinook salmon,255,Fall,Natural,Parr,37.0,,1,2026-01-13 11:15:28+00:00,2026-01-13T11:15:28Z,Continue trapping,Lower Feather River RST,RR,,Yes
12,29995,1766,Chinook salmon,255,Fall,Natural,Fry,36.0,,1,2026-01-13 11:15:28+00:00,2026-01-13T11:15:28Z,Continue trapping,Lower Feather River RST,RR,,Yes
12,29996,1766,Chinook salmon,255,Fall,Natural,Fry,34.0,,1,2026-01-13 11:15:28+00:00,2026-01-13T11:15:28Z,Continue trapping,Lower Feather River RST,RR,,Yes
12,29997,1766,Chinook salmon,255,Fall,Natural,Fry,36.0,,1,2026-01-13 11:15:28+00:00,2026-01-13T11:15:28Z,Continue trapping,Lower Feather River RST,RR,,Yes
12,29998,1766,Chinook salmon,255,Fall,Natural,Fry,34.0,,1,2026-01-13 11:15:28+00:00,2026-01-13T11:15:28Z,Continue trapping,Lower Feather River RST,RR,,Yes
12,29999,1766,Chinook salmon,255,Fall,Natural,Fry,35.0,,1,2026-01-13 11:15:28+00:00,2026-01-13T11:15:28Z,Continue trapping,Lower Feather River RST,RR,,Yes
12,30000,1766,Chinook salmon,255,Fall,Natural,Fry,34.0,,1,2026-01-13 11:15:28+00:00,2026-01-13T11:15:28Z,Continue trapping,Lower Feather River RST,RR,,Yes
12,30001,1766,Chinook salmon,255,Fall,Natural,Fry,34.0,,1,2026-01-13 11:15:28+00:00,2026-01-13T11:15:28Z,Continue trapping,Lower Feather River RST,RR,,Yes
12,30002,1766,Chinook salmon,255,Fall,Natural,Parr,38.0,,1,2026-01-13 11:15:28+00:00,2026-01-13T11:15:28Z,Continue trapping,Lower Feather River RST,RR,,Yes
12,30003,1766,Chinook salmon,255,Fall,Natural,Fry,34.0,,1,2026-01-13 11:15:28+00:00,2026-01-13T11:15:28Z,Continue trapping,Lower Feather River RST,RR,,Yes
12,30004,1766,Chinook salmon,255,Fall,Natural,Fry,33.0,,1,2026-01-13 11:15:28+00:00,2026-01-13T11:15:28Z,Continue trapping,Lower Feather River RST,RR,,Yes
12,30005,1766,Chinook salmon,255,Fall,Natural,Parr,38.0,,1,2026-01-13 11:15:28+00:00,2026-01-13T11:15:28Z,Continue trapping,Lower Feather River RST,RR,,Yes
12,30006,1766,Chinook salmon,255,Fall,Natural,Parr,34.0,,1,2026-01-13 11:15:28+00:00,2026-01-13T11:15:28Z,Continue trapping,Lower Feather River RST,RR,,Yes
12,30007,1766,Chinook salmon,255,Fall,Natural,Parr,37.0,,1,2026-01-13 11:15:28+00:00,2026-01-13T11:15:28Z,Continue trapping,Lower Feather River RST,RR,,Yes
12,30008,1766,Chinook salmon,255,Fall,Natural,Parr,36.0,,1,2026-01-13 11:15:28+00:00,2026-01-13T11:15:28Z,Continue trapping,Lower Feather River RST,RR,,Yes
12,30009,1766,Chinook salmon,255,Fall,Natural,Parr,34.0,,1,2026-01-13 11:15:28+00:00,2026-01-13T11:15:28Z,Continue trapping,Lower Feather River RST,RR,,Yes
12,30010,1766,Chinook salmon,255,Fall,Natural,Parr,34.0,,1,2026-01-13 11:15:28+00:00,2026-01-13T11:15:28Z,Continue trapping,Lower Feather River RST,RR,,Yes
12,30011,1766,Chinook salmon,255,Fall,Natural,Parr,36.0,,1,2026-01-13 11:15:28+00:00,2026-01-13T11:15:28Z,Continue trapping,Lower Feather River RST,RR,,Yes
12,30012,1766,Chinook salmon,255,Fall,Natural,Fry,34.0,,1,2026-01-13 11:15:28+00:00,2026-01-13T11:15:28Z,Continue trapping,Lower Feather River RST,RR,,Yes
12,30013,1766,Chinook salmon,255,Fall,Natural,Parr,35.0,,1,2026-01-13 11:15:28+00:00,2026-01-13T11:15:28Z,Continue trapping,Lower Feather River RST,RR,,Yes
12,30014,1766,Chinook salmon,255,Fall,Natural,Parr,36.0,,1,2026-01-13 11:15:28+00:00,2026-01-13T11:15:28Z,Continue trapping,Lower Feather River RST,RR,,Yes
12,30015,1766,Chinook salmon,255,Fall,Natural,Fry,36.0,,1,2026-01-13 11:15:28+00:00,2026-01-13T11:15:28Z,Continue trapping,Lower Feather River RST,RR,,Yes
12,30016,1766,Chinook salmon,255,Fall,Natural,Fry,35.0,,1,2026-01-13 11:15:28+00:00,2026-01-13T11:15:28Z,Continue trapping,Lower Feather River RST,RR,,Yes
12,30017,1766,Chinook salmon,255,Fall,Natural,Parr,34.0,,1,2026-01-13 11:15:28+00:00,2026-01-13T11:15:28Z,Continue trapping,Lower Feather River RST,RR,,Yes
12,30018,1766,Chinook salmon,255,Fall,Natural,Parr,37.0,,1,2026-01-13 11:15:28+00:00,2026-01-13T11:15:28Z,Continue trapping,Lower Feather River RST,RR,,Yes
12,30019,1766,Chinook salmon,255,Fall,Natural,Parr,36.0,,1,2026-01-13 11:15:28+00:00,2026-01-13T11:15:28Z,Continue trapping,Lower Feather River RST,RR,,Yes
12,30020,1766,Chinook salmon,255,Fall,Natural,Fry,34.0,,1,2026-01-13 11:15:28+00:00,2026-01-13T11:15:28Z,Continue trapping,Lower Feather River RST,RR,,Yes
12,30021,1766,Chinook salmon,255,Fall,Natural,Fry,35.0,,1,2026-01-13 11:15:28+00:00,2026-01-13T11:15:28Z,Continue trapping,Lower Feather River RST,RR,,Yes
12,30022,1766,Chinook salmon,255,Fall,Natural,Parr,37.0,,1,2026-01-13 11:15:28+00:00,2026-01-13T11:15:28Z,Continue trapping,Lower Feather River RST,RR,,Yes
12,30023,1766,Chinook salmon,255,Fall,Natural,Fry,35.0,,1,2026-01-13 11:15:28+00:00,2026-01-13T11:15:28Z,Continue trapping,Lower Feather River RST,RR,,Yes
12,30024,1766,Chinook salmon,255,Fall,Natural,Fry,36.0,,1,2026-01-13 11:15:28+00:00,2026-01-13T11:15:28Z,Continue trapping,Lower Feather River RST,RR,,Yes
12,30025,1766,Chinook salmon,255,Fall,Natural,Fry,32.0,,1,2026-01-13 11:15:28+00:00,2026-01-13T11:15:28Z,Continue trapping,Lower Feather River RST,RR,,Yes
12,30026,1766,Chinook salmon,255,Fall,Natural,Fry,33.0,,1,2026-01-13 11:15:28+00:00,2026-01-13T11:15:28Z,Continue trapping,Lower Feather River RST,RR,,Yes
12,30027,1766,Chinook salmon,255,Fall,Natural,Fry,36.0,,1,2026-01-13 11:15:28+00:00,2026-01-13T11:15:28Z,Continue trapping,Lower Feather River RST,RR,,Yes
12,30028,1766,Chinook salmon,255,Fall,Natural,Fry,36.0,,1,2026-01-13 11:15:28+00:00,2026-01-13T11:15:28Z,Continue trapping,Lower Feather River RST,RR,,Yes
12,30029,1766,Chinook salmon,255,Fall,Natural,Parr,36.0,,1,2026-01-13 11:15:28+00:00,2026-01-13T11:15:28Z,Continue trapping,Lower Feather River RST,RR,,Yes
12,30030,1766,Chinook salmon,255,Fall,Natural,Parr,35.0,,1,2026-01-13 11:15:28+00:00,2026-01-13T11:15:28Z,Continue trapping,Lower Feather River RST,RR,,Yes
12,30031,1766,Chinook salmon,255,Fall,Natural,Parr,36.0,,1,2026-01-13 11:15:28+00:00,2026-01-13T11:15:28Z,Continue trapping,Lower Feather River RST,RR,,Yes
12,30032,1766,Chinook salmon,255,Fall,Natural,Fry,35.0,,1,2026-01-13 11:15:28+00:00,2026-01-13T11:15:28Z,Continue trapping,Lower Feather River RST,RR,,Yes
12,30033,1766,Chinook salmon,255,Fall,Natural,Parr,37.0,,1,2026-01-13 11:15:28+00:00,2026-01-13T11:15:28Z,Continue trapping,Lower Feather River RST,RR,,Yes
12,30034,1766,Chinook salmon,255,Fall,Natural,Parr,39.0,,1,2026-01-13 11:15:28+00:00,2026-01-13T11:15:28Z,Continue trapping,Lower Feather River RST,RR,,Yes
12,30035,1766,Chinook salmon,255,Fall,Natural,Parr,38.0,,1,2026-01-13 11:15:28+00:00,2026-01-13T11:15:28Z,Continue trapping,Lower Feather River RST,RR,,Yes
12,30036,1766,Chinook salmon,255,Fall,Natural,Parr,37.0,,1,2026-01-13 11:15:28+00:00,2026-01-13T11:15:28Z,Continue trapping,Lower Feather River RST,RR,,Yes
12,30037,1766,Chinook salmon,255,Fall,Natural,Parr,32.0,,1,2026-01-13 11:15:28+00:00,2026-01-13T11:15:28Z,Continue trapping,Lower Feather River RST,RR,,Yes
12,30038,1766,Chinook salmon,255,Fall,Natural,Parr,36.0,,1,2026-01-13 11:15:28+00:00,2026-01-13T11:15:28Z,Continue trapping,Lower Feather River RST,RR,,Yes
12,30039,1766,Chinook salmon,255,Fall,Natural,Parr,36.0,,1,2026-01-13 11:15:28+00:00,2026-01-13T11:15:28Z,Continue trapping,Lower Feather River RST,RR,,Yes
12,30040,1766,Chinook salmon,255,Fall,Natural,Fry,32.0,,1,2026-01-13 11:15:28+00:00,2026-01-13T11:15:28Z,Continue trapping,Lower Feather River RST,RR,,Yes
12,30041,1766,Chinook salmon,255,Fall,Natural,Not recorded,,,55,2026-01-13 11:15:28+00:00,2026-01-13T11:15:28Z,Continue trapping,Lower Feather River RST,RR,,Yes
12,30042,1766,Chinook salmon,255,Fall,Natural,Not recorded,,,3,2026-01-13 11:15:28+00:00,2026-01-13T11:15:28Z,Continue trapping,Lower Feather River RST,RR,,Yes
12,30043,1767,Chinook salmon,255,Fall,Natural,Parr,36.0,,1,2026-01-14 10:15:41+00:00,2026-01-14T10:15:41Z,Continue trapping,Lower Feather River RST,RL,,Yes
12,30044,1767,Chinook salmon,255,Fall,Natural,Fry,34.0,,1,2026-01-14 10:15:41+00:00,2026-01-14T10:15:41Z,Continue trapping,Lower Feather River RST,RL,,Yes
12,30045,1767,Chinook salmon,255,Fall,Natural,Fry,36.0,,1,2026-01-14 10:15:41+00:00,2026-01-14T10:15:41Z,Continue trapping,Lower Feather River RST,RL,,Yes
12,30046,1767,Chinook salmon,255,Fall,Natural,Fry,35.0,,1,2026-01-14 10:15:41+00:00,2026-01-14T10:15:41Z,Continue trapping,Lower Feather River RST,RL,,Yes
12,30047,1767,Chinook salmon,255,Fall,Natural,Parr,36.0,,1,2026-01-14 10:15:41+00:00,2026-01-14T10:15:41Z,Continue trapping,Lower Feather River RST,RL,,Yes
12,30048,1767,Chinook salmon,255,Fall,Natural,Fry,31.0,,1,2026-01-14 10:15:41+00:00,2026-01-14T10:15:41Z,Continue trapping,Lower Feather River RST,RL,,Yes
12,30049,1767,Chinook salmon,255,Fall,Natural,Parr,40.0,,1,2026-01-14 10:15:41+00:00,2026-01-14T10:15:41Z,Continue trapping,Lower Feather River RST,RL,,Yes
12,30050,1767,Chinook salmon,255,Fall,Natural,Parr,37.0,,1,2026-01-14 10:15:41+00:00,2026-01-14T10:15:41Z,Continue trapping,Lower Feather River RST,RL,,Yes
12,30051,1767,Chinook salmon,255,Fall,Natural,Parr,42.0,,1,2026-01-14 10:15:41+00:00,2026-01-14T10:15:41Z,Continue trapping,Lower Feather River RST,RL,,Yes
12,30052,1767,Chinook salmon,255,Fall,Natural,Parr,37.0,,1,2026-01-14 10:15:41+00:00,2026-01-14T10:15:41Z,Continue trapping,Lower Feather River RST,RL,,Yes
12,30053,1767,Chinook salmon,255,Fall,Natural,Parr,39.0,,1,2026-01-14 10:15:41+00:00,2026-01-14T10:15:41Z,Continue trapping,Lower Feather River RST,RL,,Yes
12,30054,1767,Chinook salmon,255,Fall,Natural,Not recorded,,,1,2026-01-14 10:15:41+00:00,2026-01-14T10:15:41Z,Continue trapping,Lower Feather River RST,RL,,Yes
12,30055,1768,Chinook salmon,255,Fall,Natural,Fry,35.0,,1,2026-01-14 10:15:25+00:00,2026-01-14T10:15:25Z,Continue trapping,Lower Feather River RST,RR,,Yes
12,30056,1768,Chinook salmon,255,Fall,Natural,Fry,39.0,,1,2026-01-14 10:15:25+00:00,2026-01-14T10:15:25Z,Continue trapping,Lower Feather River RST,RR,,Yes
12,30057,1768,Chinook salmon,255,Fall,Natural,Fry,38.0,,1,2026-01-14 10:15:25+00:00,2026-01-14T10:15:25Z,Continue trapping,Lower Feather River RST,RR,,Yes
12,30058,1768,Chinook salmon,255,Fall,Natural,Fry,34.0,,1,2026-01-14 10:15:25+00:00,2026-01-14T10:15:25Z,Continue trapping,Lower Feather River RST,RR,,Yes
12,30059,1768,Chinook salmon,255,Fall,Natural,Fry,34.0,,1,2026-01-14 10:15:25+00:00,2026-01-14T10:15:25Z,Continue trapping,Lower Feather River RST,RR,,Yes
12,30060,1768,Chinook salmon,255,Fall,Natural,Fry,35.0,,1,2026-01-14 10:15:25+00:00,2026-01-14T10:15:25Z,Continue trapping,Lower Feather River RST,RR,,Yes
12,30061,1768,Chinook salmon,255,Fall,Natural,Parr,36.0,,1,2026-01-14 10:15:25+00:00,2026-01-14T10:15:25Z,Continue trapping,Lower Feather River RST,RR,,Yes
12,30062,1768,Chinook salmon,255,Fall,Natural,Parr,35.0,,1,2026-01-14 10:15:25+00:00,2026-01-14T10:15:25Z,Continue trapping,Lower Feather River RST,RR,,Yes
12,30063,1768,Chinook salmon,255,Fall,Natural,Parr,35.0,,1,2026-01-14 10:15:25+00:00,2026-01-14T10:15:25Z,Continue trapping,Lower Feather River RST,RR,,Yes
12,30064,1768,Chinook salmon,255,Fall,Natural,Fry,35.0,,1,2026-01-14 10:15:25+00:00,2026-01-14T10:15:25Z,Continue trapping,Lower Feather River RST,RR,,Yes
12,30065,1768,Chinook salmon,255,Fall,Natural,Fry,36.0,,1,2026-01-14 10:15:25+00:00,2026-01-14T10:15:25Z,Continue trapping,Lower Feather River RST,RR,,Yes
12,30066,1768,Chinook salmon,255,Fall,Natural,Parr,38.0,,1,2026-01-14 10:15:25+00:00,2026-01-14T10:15:25Z,Continue trapping,Lower Feather River RST,RR,,Yes
12,30067,1768,Chinook salmon,255,Fall,Natural,Fry,34.0,,1,2026-01-14 10:15:25+00:00,2026-01-14T10:15:25Z,Continue trapping,Lower Feather River RST,RR,,Yes
12,30068,1768,Chinook salmon,255,Fall,Natural,Fry,36.0,,1,2026-01-14 10:15:25+00:00,2026-01-14T10:15:25Z,Continue trapping,Lower Feather River RST,RR,,Yes
12,30069,1768,Chinook salmon,255,Fall,Natural,Fry,36.0,,1,2026-01-14 10:15:25+00:00,2026-01-14T10:15:25Z,Continue trapping,Lower Feather River RST,RR,,Yes
12,30070,1768,Chinook salmon,255,Fall,Natural,Fry,36.0,,1,2026-01-14 10:15:25+00:00,2026-01-14T10:15:25Z,Continue trapping,Lower Feather River RST,RR,,Yes
12,30071,1768,Chinook salmon,255,Fall,Natural,Fry,36.0,,1,2026-01-14 10:15:25+00:00,2026-01-14T10:15:25Z,Continue trapping,Lower Feather River RST,RR,,Yes
12,30072,1768,Chinook salmon,255,Fall,Natural,Fry,36.0,,1,2026-01-14 10:15:25+00:00,2026-01-14T10:15:25Z,Continue trapping,Lower Feather River RST,RR,,Yes
12,30073,1768,Chinook salmon,255,Fall,Natural,Parr,36.0,,1,2026-01-14 10:15:25+00:00,2026-01-14T10:15:25Z,Continue trapping,Lower Feather River RST,RR,,Yes
12,30074,1768,Chinook salmon,255,Fall,Natural,Fry,34.0,,1,2026-01-14 10:15:25+00:00,2026-01-14T10:15:25Z,Continue trapping,Lower Feather River RST,RR,,Yes
12,30075,1768,Chinook salmon,255,Fall,Natural,Fry,36.0,,1,2026-01-14 10:15:25+00:00,2026-01-14T10:15:25Z,Continue trapping,Lower Feather River RST,RR,,Yes
12,30076,1768,Chinook salmon,255,Fall,Natural,Fry,35.0,,1,2026-01-14 10:15:25+00:00,2026-01-14T10:15:25Z,Continue trapping,Lower Feather River RST,RR,,Yes
12,30077,1768,Chinook salmon,255,Fall,Natural,Fry,35.0,,1,2026-01-14 10:15:25+00:00,2026-01-14T10:15:25Z,Continue trapping,Lower Feather River RST,RR,,Yes
12,30078,1768,Chinook salmon,255,Fall,Natural,Fry,36.0,,1,2026-01-14 10:15:25+00:00,2026-01-14T10:15:25Z,Continue trapping,Lower Feather River RST,RR,,Yes
12,30079,1768,Chinook salmon,255,Fall,Natural,Fry,35.0,,1,2026-01-14 10:15:25+00:00,2026-01-14T10:15:25Z,Continue trapping,Lower Feather River RST,RR,,Yes
12,30080,1768,Chinook salmon,255,Fall,Natural,Fry,37.0,,1,2026-01-14 10:15:25+00:00,2026-01-14T10:15:25Z,Continue trapping,Lower Feather River RST,RR,,Yes
12,30081,1768,Chinook salmon,255,Fall,Natural,Fry,34.0,,1,2026-01-14 10:15:25+00:00,2026-01-14T10:15:25Z,Continue trapping,Lower Feather River RST,RR,,Yes
12,30082,1768,Chinook salmon,255,Fall,Natural,Parr,38.0,,1,2026-01-14 10:15:25+00:00,2026-01-14T10:15:25Z,Continue trapping,Lower Feather River RST,RR,,Yes
12,30083,1768,Chinook salmon,255,Fall,Natural,Fry,35.0,,1,2026-01-14 10:15:25+00:00,2026-01-14T10:15:25Z,Continue trapping,Lower Feather River RST,RR,,Yes
12,30084,1768,Chinook salmon,255,Fall,Natural,Fry,35.0,,1,2026-01-14 10:15:25+00:00,2026-01-14T10:15:25Z,Continue trapping,Lower Feather River RST,RR,,Yes
12,30085,1768,Chinook salmon,255,Fall,Natural,Fry,35.0,,1,2026-01-14 10:15:25+00:00,2026-01-14T10:15:25Z,Continue trapping,Lower Feather River RST,RR,,Yes
12,30086,1768,Chinook salmon,255,Fall,Natural,Fry,36.0,,1,2026-01-14 10:15:25+00:00,2026-01-14T10:15:25Z,Continue trapping,Lower Feather River RST,RR,,Yes
12,30087,1768,Chinook salmon,255,Fall,Natural,Fry,35.0,,1,2026-01-14 10:15:25+00:00,2026-01-14T10:15:25Z,Continue trapping,Lower Feather River RST,RR,,Yes
12,30088,1768,Chinook salmon,255,Fall,Natural,Fry,35.0,,1,2026-01-14 10:15:25+00:00,2026-01-14T10:15:25Z,Continue trapping,Lower Feather River RST,RR,,Yes
12,30089,1768,Chinook salmon,255,Fall,Natural,Fry,37.0,,1,2026-01-14 10:15:25+00:00,2026-01-14T10:15:25Z,Continue trapping,Lower Feather River RST,RR,,Yes
12,30090,1768,Chinook salmon,255,Fall,Natural,Parr,36.0,,1,2026-01-14 10:15:25+00:00,2026-01-14T10:15:25Z,Continue trapping,Lower Feather River RST,RR,,Yes
12,30091,1768,Chinook salmon,255,Fall,Natural,Fry,33.0,,1,2026-01-14 10:15:25+00:00,2026-01-14T10:15:25Z,Continue trapping,Lower Feather River RST,RR,,Yes
12,30092,1768,Chinook salmon,255,Fall,Natural,Parr,37.0,,1,2026-01-14 10:15:25+00:00,2026-01-14T10:15:25Z,Continue trapping,Lower Feather River RST,RR,,Yes
12,30093,1768,Chinook salmon,255,Fall,Natural,Parr,35.0,,1,2026-01-14 10:15:25+00:00,2026-01-14T10:15:25Z,Continue trapping,Lower Feather River RST,RR,,Yes
12,30094,1768,Chinook salmon,255,Fall,Natural,Parr,35.0,,1,2026-01-14 10:15:25+00:00,2026-01-14T10:15:25Z,Continue trapping,Lower Feather River RST,RR,,Yes
12,30095,1768,Chinook salmon,255,Fall,Natural,Parr,36.0,,1,2026-01-14 10:15:25+00:00,2026-01-14T10:15:25Z,Continue trapping,Lower Feather River RST,RR,,Yes
12,30096,1768,Chinook salmon,255,Fall,Natural,Fry,34.0,,1,2026-01-14 10:15:25+00:00,2026-01-14T10:15:25Z,Continue trapping,Lower Feather River RST,RR,,Yes
12,30097,1768,Chinook salmon,255,Fall,Natural,Parr,37.0,,1,2026-01-14 10:15:25+00:00,2026-01-14T10:15:25Z,Continue trapping,Lower Feather River RST,RR,,Yes
12,30098,1768,Chinook salmon,255,Fall,Natural,Parr,37.0,,1,2026-01-14 10:15:25+00:00,2026-01-14T10:15:25Z,Continue trapping,Lower Feather River RST,RR,,Yes
12,30099,1768,Chinook salmon,255,Fall,Natural,Parr,37.0,,1,2026-01-14 10:15:25+00:00,2026-01-14T10:15:25Z,Continue trapping,Lower Feather River RST,RR,,Yes
12,30100,1768,Chinook salmon,255,Fall,Natural,Fry,35.0,,1,2026-01-14 10:15:25+00:00,2026-01-14T10:15:25Z,Continue trapping,Lower Feather River RST,RR,,Yes
12,30101,1768,Chinook salmon,255,Fall,Natural,Fry,35.0,,1,2026-01-14 10:15:25+00:00,2026-01-14T10:15:25Z,Continue trapping,Lower Feather River RST,RR,,Yes
12,30102,1768,Chinook salmon,255,Fall,Natural,Parr,38.0,,1,2026-01-14 10:15:25+00:00,2026-01-14T10:15:25Z,Continue trapping,Lower Feather River RST,RR,,Yes
12,30103,1768,Chinook salmon,255,Fall,Natural,Yolk sac fry (alevin),31.0,,1,2026-01-14 10:15:25+00:00,2026-01-14T10:15:25Z,Continue trapping,Lower Feather River RST,RR,,Yes
12,30104,1768,Chinook salmon,255,Fall,Natural,Fry,35.0,,1,2026-01-14 10:15:25+00:00,2026-01-14T10:15:25Z,Continue trapping,Lower Feather River RST,RR,,Yes
12,30105,1768,Chinook salmon,255,Fall,Natural,Not recorded,,,1,2026-01-14 10:15:25+00:00,2026-01-14T10:15:25Z,Continue trapping,Lower Feather River RST,RR,,Yes
12,30106,1768,Chinook salmon,255,Fall,Natural,Not recorded,,,26,2026-01-14 10:15:25+00:00,2026-01-14T10:15:25Z,Continue trapping,Lower Feather River RST,RR,,Yes
12,30107,1769,Chinook salmon,255,Fall,Natural,Parr,34.0,,1,2026-01-15 10:15:57+00:00,2026-01-15T10:15:57Z,Continue trapping,Lower Feather River RST,RL,,Yes
12,30108,1769,Chinook salmon,255,Fall,Natural,Parr,37.0,,1,2026-01-15 10:15:57+00:00,2026-01-15T10:15:57Z,Continue trapping,Lower Feather River RST,RL,,Yes
12,30109,1769,Chinook salmon,255,Fall,Natural,Parr,33.0,,1,2026-01-15 10:15:57+00:00,2026-01-15T10:15:57Z,Continue trapping,Lower Feather River RST,RL,,Yes
12,30110,1769,Chinook salmon,255,Fall,Natural,Parr,38.0,,1,2026-01-15 10:15:57+00:00,2026-01-15T10:15:57Z,Continue trapping,Lower Feather River RST,RL,,Yes
12,30111,1769,Chinook salmon,255,Fall,Natural,Fry,34.0,,1,2026-01-15 10:15:57+00:00,2026-01-15T10:15:57Z,Continue trapping,Lower Feather River RST,RL,,Yes
12,30112,1769,Chinook salmon,255,Fall,Natural,Fry,34.0,,1,2026-01-15 10:15:57+00:00,2026-01-15T10:15:57Z,Continue trapping,Lower Feather River RST,RL,,Yes
12,30113,1769,Chinook salmon,255,Fall,Natural,Fry,35.0,,1,2026-01-15 10:15:57+00:00,2026-01-15T10:15:57Z,Continue trapping,Lower Feather River RST,RL,,Yes
12,30114,1769,Chinook salmon,255,Fall,Natural,Parr,35.0,,1,2026-01-15 10:15:57+00:00,2026-01-15T10:15:57Z,Continue trapping,Lower Feather River RST,RL,,Yes
12,30115,1769,Chinook salmon,255,Fall,Natural,Fry,36.0,,1,2026-01-15 10:15:57+00:00,2026-01-15T10:15:57Z,Continue trapping,Lower Feather River RST,RL,,Yes
12,30116,1769,Chinook salmon,255,Fall,Natural,Fry,34.0,,1,2026-01-15 10:15:57+00:00,2026-01-15T10:15:57Z,Continue trapping,Lower Feather River RST,RL,,Yes
12,30117,1769,Chinook salmon,255,Fall,Natural,Fry,34.0,,1,2026-01-15 10:15:57+00:00,2026-01-15T10:15:57Z,Continue trapping,Lower Feather River RST,RL,,Yes
12,30118,1769,Chinook salmon,255,Fall,Natural,Fry,30.0,,1,2026-01-15 10:15:57+00:00,2026-01-15T10:15:57Z,Continue trapping,Lower Feather River RST,RL,,Yes
12,30119,1769,Chinook salmon,255,Fall,Natural,Fry,35.0,,1,2026-01-15 10:15:57+00:00,2026-01-15T10:15:57Z,Continue trapping,Lower Feather River RST,RL,,Yes
12,30120,1769,Chinook salmon,255,Fall,Natural,Fry,31.0,,1,2026-01-15 10:15:57+00:00,2026-01-15T10:15:57Z,Continue trapping,Lower Feather River RST,RL,,Yes
12,30121,1769,Chinook salmon,255,Fall,Natural,Not recorded,35.0,,1,2026-01-15 10:15:57+00:00,2026-01-15T10:15:57Z,Continue trapping,Lower Feather River RST,RL,,Yes
12,30122,1769,Chinook salmon,255,Fall,Natural,Fry,36.0,,1,2026-01-15 10:15:57+00:00,2026-01-15T10:15:57Z,Continue trapping,Lower Feather River RST,RL,,Yes
12,30123,1769,Chinook salmon,255,Fall,Natural,Fry,36.0,,1,2026-01-15 10:15:57+00:00,2026-01-15T10:15:57Z,Continue trapping,Lower Feather River RST,RL,,Yes
12,30124,1769,Chinook salmon,255,Fall,Natural,Parr,37.0,,1,2026-01-15 10:15:57+00:00,2026-01-15T10:15:57Z,Continue trapping,Lower Feather River RST,RL,,Yes
12,30125,1769,Chinook salmon,255,Fall,Natural,Parr,34.0,,1,2026-01-15 10:15:57+00:00,2026-01-15T10:15:57Z,Continue trapping,Lower Feather River RST,RL,,Yes
12,30126,1769,Chinook salmon,255,Fall,Natural,Fry,37.0,,1,2026-01-15 10:15:57+00:00,2026-01-15T10:15:57Z,Continue trapping,Lower Feather River RST,RL,,Yes
12,30127,1769,Chinook salmon,255,Fall,Natural,Fry,29.0,,1,2026-01-15 10:15:57+00:00,2026-01-15T10:15:57Z,Continue trapping,Lower Feather River RST,RL,,Yes
12,30128,1769,Chinook salmon,255,Fall,Natural,Parr,35.0,,1,2026-01-15 10:15:57+00:00,2026-01-15T10:15:57Z,Continue trapping,Lower Feather River RST,RL,,Yes
12,30129,1769,Chinook salmon,255,Fall,Natural,Fry,34.0,,1,2026-01-15 10:15:57+00:00,2026-01-15T10:15:57Z,Continue trapping,Lower Feather River RST,RL,,Yes
12,30130,1769,Chinook salmon,255,Fall,Natural,Parr,37.0,,1,2026-01-15 10:15:57+00:00,2026-01-15T10:15:57Z,Continue trapping,Lower Feather River RST,RL,,Yes
12,30131,1769,Chinook salmon,255,Fall,Natural,Fry,35.0,,1,2026-01-15 10:15:57+00:00,2026-01-15T10:15:57Z,Continue trapping,Lower Feather River RST,RL,,Yes
12,30132,1769,Chinook salmon,255,Fall,Natural,Fry,32.0,,1,2026-01-15 10:15:57+00:00,2026-01-15T10:15:57Z,Continue trapping,Lower Feather River RST,RL,,Yes
12,30133,1769,Chinook salmon,255,Fall,Natural,Parr,36.0,,1,2026-01-15 10:15:57+00:00,2026-01-15T10:15:57Z,Continue trapping,Lower Feather River RST,RL,,Yes
12,30134,1769,Chinook salmon,255,Fall,Natural,Fry,39.0,,1,2026-01-15 10:15:57+00:00,2026-01-15T10:15:57Z,Continue trapping,Lower Feather River RST,RL,,Yes
12,30135,1769,Chinook salmon,255,Fall,Natural,Parr,41.0,,1,2026-01-15 10:15:57+00:00,2026-01-15T10:15:57Z,Continue trapping,Lower Feather River RST,RL,,Yes
12,30136,1769,Chinook salmon,255,Fall,Natural,Parr,37.0,,1,2026-01-15 10:15:57+00:00,2026-01-15T10:15:57Z,Continue trapping,Lower Feather River RST,RL,,Yes
12,30137,1769,Chinook salmon,255,Fall,Natural,Fry,34.0,,1,2026-01-15 10:15:57+00:00,2026-01-15T10:15:57Z,Continue trapping,Lower Feather River RST,RL,,Yes
12,30138,1769,Chinook salmon,255,Fall,Natural,Fry,38.0,,1,2026-01-15 10:15:57+00:00,2026-01-15T10:15:57Z,Continue trapping,Lower Feather River RST,RL,,Yes
12,30139,1769,Chinook salmon,255,Fall,Natural,Fry,36.0,,1,2026-01-15 10:15:57+00:00,2026-01-15T10:15:57Z,Continue trapping,Lower Feather River RST,RL,,Yes
12,30140,1769,Chinook salmon,255,Fall,Natural,Fry,37.0,,1,2026-01-15 10:15:57+00:00,2026-01-15T10:15:57Z,Continue trapping,Lower Feather River RST,RL,,Yes
12,30141,1769,Chinook salmon,255,Fall,Natural,Fry,35.0,,1,2026-01-15 10:15:57+00:00,2026-01-15T10:15:57Z,Continue trapping,Lower Feather River RST,RL,,Yes
12,30142,1769,Chinook salmon,255,Fall,Natural,Parr,38.0,,1,2026-01-15 10:15:57+00:00,2026-01-15T10:15:57Z,Continue trapping,Lower Feather River RST,RL,,Yes
12,30143,1769,Chinook salmon,255,Fall,Natural,Parr,39.0,,1,2026-01-15 10:15:57+00:00,2026-01-15T10:15:57Z,Continue trapping,Lower Feather River RST,RL,,Yes
12,30144,1769,Chinook salmon,255,Fall,Natural,Parr,39.0,,1,2026-01-15 10:15:57+00:00,2026-01-15T10:15:57Z,Continue trapping,Lower Feather River RST,RL,,Yes
12,30145,1769,Chinook salmon,255,Fall,Natural,Fry,30.0,,1,2026-01-15 10:15:57+00:00,2026-01-15T10:15:57Z,Continue trapping,Lower Feather River RST,RL,,Yes
12,30146,1769,Chinook salmon,255,Fall,Natural,Parr,39.0,,1,2026-01-15 10:15:57+00:00,2026-01-15T10:15:57Z,Continue trapping,Lower Feather River RST,RL,,Yes
12,30147,1769,Chinook salmon,255,Fall,Natural,Fry,29.0,,1,2026-01-15 10:15:57+00:00,2026-01-15T10:15:57Z,Continue trapping,Lower Feather River RST,RL,,Yes
12,30148,1769,Chinook salmon,255,Fall,Natural,Parr,38.0,,1,2026-01-15 10:15:57+00:00,2026-01-15T10:15:57Z,Continue trapping,Lower Feather River RST,RL,,Yes
12,30149,1769,Chinook salmon,255,Fall,Natural,Parr,36.0,,1,2026-01-15 10:15:57+00:00,2026-01-15T10:15:57Z,Continue trapping,Lower Feather River RST,RL,,Yes
12,30150,1769,Chinook salmon,255,Fall,Natural,Fry,37.0,,1,2026-01-15 10:15:57+00:00,2026-01-15T10:15:57Z,Continue trapping,Lower Feather River RST,RL,,Yes
12,30151,1769,Chinook salmon,255,Fall,Natural,Fry,29.0,,1,2026-01-15 10:15:57+00:00,2026-01-15T10:15:57Z,Continue trapping,Lower Feather River RST,RL,,Yes
12,30152,1769,Chinook salmon,255,Fall,Natural,Fry,31.0,,1,2026-01-15 10:15:57+00:00,2026-01-15T10:15:57Z,Continue trapping,Lower Feather River RST,RL,,Yes
12,30153,1769,Chinook salmon,255,Fall,Natural,Fry,39.0,,1,2026-01-15 10:15:57+00:00,2026-01-15T10:15:57Z,Continue trapping,Lower Feather River RST,RL,,Yes
12,30154,1769,Chinook salmon,255,Fall,Natural,Fry,34.0,,1,2026-01-15 10:15:57+00:00,2026-01-15T10:15:57Z,Continue trapping,Lower Feather River RST,RL,,Yes
12,30155,1769,Chinook salmon,255,Fall,Natural,Fry,34.0,,1,2026-01-15 10:15:57+00:00,2026-01-15T10:15:57Z,Continue trapping,Lower Feather River RST,RL,,Yes
12,30156,1769,Chinook salmon,255,Fall,Natural,Fry,35.0,,1,2026-01-15 10:15:57+00:00,2026-01-15T10:15:57Z,Continue trapping,Lower Feather River RST,RL,,Yes
12,30157,1769,Chinook salmon,255,Fall,Natural,Not recorded,,,6,2026-01-15 10:15:57+00:00,2026-01-15T10:15:57Z,Continue trapping,Lower Feather River RST,RL,,Yes
12,30158,1769,Unknown Centrarchid,255,Not recorded,Natural,Not recorded,,35.0,1,2026-01-15 10:15:57+00:00,2026-01-15T10:15:57Z,Continue trapping,Lower Feather River RST,RL,,Yes
12,30159,1770,Steelhead / rainbow trout,255,Not recorded,Hatchery,Yearling,170.0,,1,2026-01-15 10:15:52+00:00,2026-01-15T10:15:52Z,Continue trapping,Lower Feather River RST,RR,,Yes
12,30160,1770,Steelhead / rainbow trout,255,Not recorded,Hatchery,Yearling,245.0,,1,2026-01-15 10:15:52+00:00,2026-01-15T10:15:52Z,Continue trapping,Lower Feather River RST,RR,,Yes
12,30161,1770,Chinook salmon,255,Fall,Natural,Fry,33.0,,1,2026-01-15 10:15:52+00:00,2026-01-15T10:15:52Z,Continue trapping,Lower Feather River RST,RR,,Yes
12,30162,1770,Chinook salmon,255,Fall,Natural,Parr,37.0,,1,2026-01-15 10:15:52+00:00,2026-01-15T10:15:52Z,Continue trapping,Lower Feather River RST,RR,,Yes
12,30163,1770,Chinook salmon,255,Fall,Natural,Parr,37.0,,1,2026-01-15 10:15:52+00:00,2026-01-15T10:15:52Z,Continue trapping,Lower Feather River RST,RR,,Yes
12,30164,1770,Chinook salmon,255,Fall,Natural,Parr,36.0,,1,2026-01-15 10:15:52+00:00,2026-01-15T10:15:52Z,Continue trapping,Lower Feather River RST,RR,,Yes
12,30165,1770,Chinook salmon,255,Fall,Natural,Parr,37.0,,1,2026-01-15 10:15:52+00:00,2026-01-15T10:15:52Z,Continue trapping,Lower Feather River RST,RR,,Yes
12,30166,1770,Chinook salmon,255,Fall,Natural,Parr,39.0,,1,2026-01-15 10:15:52+00:00,2026-01-15T10:15:52Z,Continue trapping,Lower Feather River RST,RR,,Yes
12,30167,1770,Chinook salmon,255,Fall,Natural,Parr,37.0,,1,2026-01-15 10:15:52+00:00,2026-01-15T10:15:52Z,Continue trapping,Lower Feather River RST,RR,,Yes
12,30168,1770,Chinook salmon,255,Fall,Natural,Fry,34.0,,1,2026-01-15 10:15:52+00:00,2026-01-15T10:15:52Z,Continue trapping,Lower Feather River RST,RR,,Yes
12,30169,1770,Chinook salmon,255,Fall,Natural,Fry,36.0,,1,2026-01-15 10:15:52+00:00,2026-01-15T10:15:52Z,Continue trapping,Lower Feather River RST,RR,,Yes
12,30170,1770,Chinook salmon,255,Fall,Natural,Parr,35.0,,1,2026-01-15 10:15:52+00:00,2026-01-15T10:15:52Z,Continue trapping,Lower Feather River RST,RR,,Yes
12,30171,1770,Chinook salmon,255,Fall,Natural,Parr,37.0,,1,2026-01-15 10:15:52+00:00,2026-01-15T10:15:52Z,Continue trapping,Lower Feather River RST,RR,,Yes
12,30172,1770,Chinook salmon,255,Fall,Natural,Fry,37.0,,1,2026-01-15 10:15:52+00:00,2026-01-15T10:15:52Z,Continue trapping,Lower Feather River RST,RR,,Yes
12,30173,1770,Chinook salmon,255,Fall,Natural,Parr,36.0,,1,2026-01-15 10:15:52+00:00,2026-01-15T10:15:52Z,Continue trapping,Lower Feather River RST,RR,,Yes
12,30174,1770,Chinook salmon,255,Fall,Natural,Parr,38.0,,1,2026-01-15 10:15:52+00:00,2026-01-15T10:15:52Z,Continue trapping,Lower Feather River RST,RR,,Yes
12,30175,1770,Chinook salmon,255,Fall,Natural,Parr,36.0,,1,2026-01-15 10:15:52+00:00,2026-01-15T10:15:52Z,Continue trapping,Lower Feather River RST,RR,,Yes
12,30176,1770,Chinook salmon,255,Fall,Natural,Parr,40.0,,1,2026-01-15 10:15:52+00:00,2026-01-15T10:15:52Z,Continue trapping,Lower Feather River RST,RR,,Yes
12,30177,1770,Chinook salmon,255,Fall,Natural,Parr,38.0,,1,2026-01-15 10:15:52+00:00,2026-01-15T10:15:52Z,Continue trapping,Lower Feather River RST,RR,,Yes
12,30178,1770,Chinook salmon,255,Fall,Natural,Parr,37.0,,1,2026-01-15 10:15:52+00:00,2026-01-15T10:15:52Z,Continue trapping,Lower Feather River RST,RR,,Yes
12,30179,1770,Chinook salmon,255,Fall,Natural,Parr,38.0,,1,2026-01-15 10:15:52+00:00,2026-01-15T10:15:52Z,Continue trapping,Lower Feather River RST,RR,,Yes
12,30180,1770,Chinook salmon,255,Fall,Natural,Parr,38.0,,1,2026-01-15 10:15:52+00:00,2026-01-15T10:15:52Z,Continue trapping,Lower Feather River RST,RR,,Yes
12,30181,1770,Chinook salmon,255,Fall,Natural,Fry,33.0,,1,2026-01-15 10:15:52+00:00,2026-01-15T10:15:52Z,Continue trapping,Lower Feather River RST,RR,,Yes
12,30182,1770,Chinook salmon,255,Fall,Natural,Fry,34.0,,1,2026-01-15 10:15:52+00:00,2026-01-15T10:15:52Z,Continue trapping,Lower Feather River RST,RR,,Yes
12,30183,1770,Chinook salmon,255,Fall,Natural,Fry,34.0,,1,2026-01-15 10:15:52+00:00,2026-01-15T10:15:52Z,Continue trapping,Lower Feather River RST,RR,,Yes
12,30184,1770,Chinook salmon,255,Fall,Natural,Parr,36.0,,1,2026-01-15 10:15:52+00:00,2026-01-15T10:15:52Z,Continue trapping,Lower Feather River RST,RR,,Yes
12,30185,1770,Chinook salmon,255,Fall,Natural,Parr,36.0,,1,2026-01-15 10:15:52+00:00,2026-01-15T10:15:52Z,Continue trapping,Lower Feather River RST,RR,,Yes
12,30186,1770,Chinook salmon,255,Fall,Natural,Fry,35.0,,1,2026-01-15 10:15:52+00:00,2026-01-15T10:15:52Z,Continue trapping,Lower Feather River RST,RR,,Yes
12,30187,1770,Chinook salmon,255,Fall,Natural,Parr,42.0,,1,2026-01-15 10:15:52+00:00,2026-01-15T10:15:52Z,Continue trapping,Lower Feather River RST,RR,,Yes
12,30188,1770,Chinook salmon,255,Fall,Natural,Parr,40.0,,1,2026-01-15 10:15:52+00:00,2026-01-15T10:15:52Z,Continue trapping,Lower Feather River RST,RR,,Yes
12,30189,1770,Chinook salmon,255,Fall,Natural,Parr,35.0,,1,2026-01-15 10:15:52+00:00,2026-01-15T10:15:52Z,Continue trapping,Lower Feather River RST,RR,,Yes
12,30190,1770,Chinook salmon,255,Fall,Natural,Fry,34.0,,1,2026-01-15 10:15:52+00:00,2026-01-15T10:15:52Z,Continue trapping,Lower Feather River RST,RR,,Yes
12,30191,1770,Chinook salmon,255,Fall,Natural,Parr,35.0,,1,2026-01-15 10:15:52+00:00,2026-01-15T10:15:52Z,Continue trapping,Lower Feather River RST,RR,,Yes
12,30192,1770,Chinook salmon,255,Fall,Natural,Fry,36.0,,1,2026-01-15 10:15:52+00:00,2026-01-15T10:15:52Z,Continue trapping,Lower Feather River RST,RR,,Yes
12,30193,1770,Chinook salmon,255,Fall,Natural,Fry,35.0,,1,2026-01-15 10:15:52+00:00,2026-01-15T10:15:52Z,Continue trapping,Lower Feather River RST,RR,,Yes
12,30194,1770,Chinook salmon,255,Fall,Natural,Fry,35.0,,1,2026-01-15 10:15:52+00:00,2026-01-15T10:15:52Z,Continue trapping,Lower Feather River RST,RR,,Yes
12,30195,1770,Chinook salmon,255,Fall,Natural,Fry,33.0,,1,2026-01-15 10:15:52+00:00,2026-01-15T10:15:52Z,Continue trapping,Lower Feather River RST,RR,,Yes
12,30196,1770,Chinook salmon,255,Fall,Natural,Parr,39.0,,1,2026-01-15 10:15:52+00:00,2026-01-15T10:15:52Z,Continue trapping,Lower Feather River RST,RR,,Yes
12,30197,1770,Chinook salmon,255,Fall,Natural,Parr,37.0,,1,2026-01-15 10:15:52+00:00,2026-01-15T10:15:52Z,Continue trapping,Lower Feather River RST,RR,,Yes
12,30198,1770,Chinook salmon,255,Fall,Natural,Fry,36.0,,1,2026-01-15 10:15:52+00:00,2026-01-15T10:15:52Z,Continue trapping,Lower Feather River RST,RR,,Yes
12,30199,1770,Chinook salmon,255,Fall,Natural,Parr,36.0,,1,2026-01-15 10:15:52+00:00,2026-01-15T10:15:52Z,Continue trapping,Lower Feather River RST,RR,,Yes
12,30200,1770,Chinook salmon,255,Fall,Natural,Parr,37.0,,1,2026-01-15 10:15:52+00:00,2026-01-15T10:15:52Z,Continue trapping,Lower Feather River RST,RR,,Yes
12,30201,1770,Chinook salmon,255,Fall,Natural,Fry,36.0,,1,2026-01-15 10:15:52+00:00,2026-01-15T10:15:52Z,Continue trapping,Lower Feather River RST,RR,,Yes
12,30202,1770,Chinook salmon,255,Fall,Natural,Parr,35.0,,1,2026-01-15 10:15:52+00:00,2026-01-15T10:15:52Z,Continue trapping,Lower Feather River RST,RR,,Yes
12,30203,1770,Chinook salmon,255,Fall,Natural,Fry,35.0,,1,2026-01-15 10:15:52+00:00,2026-01-15T10:15:52Z,Continue trapping,Lower Feather River RST,RR,,Yes
12,30204,1770,Chinook salmon,255,Fall,Natural,Fry,33.0,,1,2026-01-15 10:15:52+00:00,2026-01-15T10:15:52Z,Continue trapping,Lower Feather River RST,RR,,Yes
12,30205,1770,Chinook salmon,255,Fall,Natural,Parr,35.0,,1,2026-01-15 10:15:52+00:00,2026-01-15T10:15:52Z,Continue trapping,Lower Feather River RST,RR,,Yes
12,30206,1770,Chinook salmon,255,Fall,Natural,Fry,34.0,,1,2026-01-15 10:15:52+00:00,2026-01-15T10:15:52Z,Continue trapping,Lower Feather River RST,RR,,Yes
12,30207,1770,Chinook salmon,255,Fall,Natural,Parr,38.0,,1,2026-01-15 10:15:52+00:00,2026-01-15T10:15:52Z,Continue trapping,Lower Feather River RST,RR,,Yes
12,30208,1770,Chinook salmon,255,Fall,Natural,Fry,35.0,,1,2026-01-15 10:15:52+00:00,2026-01-15T10:15:52Z,Continue trapping,Lower Feather River RST,RR,,Yes
12,30209,1770,Chinook salmon,255,Fall,Natural,Parr,34.0,,1,2026-01-15 10:15:52+00:00,2026-01-15T10:15:52Z,Continue trapping,Lower Feather River RST,RR,,Yes
12,30210,1770,Chinook salmon,255,Fall,Natural,Parr,36.0,,1,2026-01-15 10:15:52+00:00,2026-01-15T10:15:52Z,Continue trapping,Lower Feather River RST,RR,,Yes
12,30211,1770,Chinook salmon,255,Fall,Natural,Not recorded,,,124,2026-01-15 10:15:52+00:00,2026-01-15T10:15:52Z,Continue trapping,Lower Feather River RST,RR,,Yes
12,30212,1770,Chinook salmon,255,Fall,Natural,Not recorded,,,3,2026-01-15 10:15:52+00:00,2026-01-15T10:15:52Z,Continue trapping,Lower Feather River RST,RR,,Yes
12,30213,1770,Bluegill,255,Not recorded,Natural,Not recorded,,125.0,1,2026-01-15 10:15:52+00:00,2026-01-15T10:15:52Z,Continue trapping,Lower Feather River RST,RR,,Yes
12,30214,1770,Mosquitofish,255,Not recorded,Natural,Not recorded,,19.0,1,2026-01-15 10:15:52+00:00,2026-01-15T10:15:52Z,Continue trapping,Lower Feather River RST,RR,,Yes
12,30215,1770,Mosquitofish,255,Not recorded,Natural,Not recorded,,30.0,1,2026-01-15 10:15:52+00:00,2026-01-15T10:15:52Z,Continue trapping,Lower Feather River RST,RR,,Yes
12,30216,1771,Chinook salmon,255,Fall,Natural,Parr,34.0,,1,2026-01-16 10:15:04+00:00,2026-01-16T10:15:04Z,Continue trapping,Lower Feather River RST,RL,,Yes
12,30217,1771,Chinook salmon,255,Fall,Natural,Parr,42.0,,1,2026-01-16 10:15:04+00:00,2026-01-16T10:15:04Z,Continue trapping,Lower Feather River RST,RL,,Yes
12,30218,1771,Chinook salmon,255,Fall,Natural,Parr,35.0,,1,2026-01-16 10:15:04+00:00,2026-01-16T10:15:04Z,Continue trapping,Lower Feather River RST,RL,,Yes
12,30219,1771,Chinook salmon,255,Fall,Natural,Parr,36.0,,1,2026-01-16 10:15:04+00:00,2026-01-16T10:15:04Z,Continue trapping,Lower Feather River RST,RL,,Yes
12,30220,1771,Chinook salmon,255,Fall,Natural,Parr,32.0,,1,2026-01-16 10:15:04+00:00,2026-01-16T10:15:04Z,Continue trapping,Lower Feather River RST,RL,,Yes
12,30221,1771,Chinook salmon,255,Fall,Natural,Parr,35.0,,1,2026-01-16 10:15:04+00:00,2026-01-16T10:15:04Z,Continue trapping,Lower Feather River RST,RL,,Yes
12,30222,1771,Chinook salmon,255,Fall,Natural,Parr,36.0,,1,2026-01-16 10:15:04+00:00,2026-01-16T10:15:04Z,Continue trapping,Lower Feather River RST,RL,,Yes
12,30223,1771,Chinook salmon,255,Fall,Natural,Parr,39.0,,1,2026-01-16 10:15:04+00:00,2026-01-16T10:15:04Z,Continue trapping,Lower Feather River RST,RL,,Yes
12,30224,1771,Chinook salmon,255,Fall,Natural,Parr,33.0,,1,2026-01-16 10:15:04+00:00,2026-01-16T10:15:04Z,Continue trapping,Lower Feather River RST,RL,,Yes
12,30225,1771,Chinook salmon,255,Fall,Natural,Parr,35.0,,1,2026-01-16 10:15:04+00:00,2026-01-16T10:15:04Z,Continue trapping,Lower Feather River RST,RL,,Yes
12,30226,1771,Chinook salmon,255,Fall,Natural,Parr,35.0,,1,2026-01-16 10:15:04+00:00,2026-01-16T10:15:04Z,Continue trapping,Lower Feather River RST,RL,,Yes
12,30227,1771,Chinook salmon,255,Fall,Natural,Parr,35.0,,1,2026-01-16 10:15:04+00:00,2026-01-16T10:15:04Z,Continue trapping,Lower Feather River RST,RL,,Yes
12,30228,1771,Chinook salmon,255,Fall,Natural,Parr,34.0,,1,2026-01-16 10:15:04+00:00,2026-01-16T10:15:04Z,Continue trapping,Lower Feather River RST,RL,,Yes
12,30229,1771,Chinook salmon,255,Fall,Natural,Parr,36.0,,1,2026-01-16 10:15:04+00:00,2026-01-16T10:15:04Z,Continue trapping,Lower Feather River RST,RL,,Yes
12,30230,1771,Chinook salmon,255,Fall,Natural,Parr,35.0,,1,2026-01-16 10:15:04+00:00,2026-01-16T10:15:04Z,Continue trapping,Lower Feather River RST,RL,,Yes
12,30231,1771,Chinook salmon,255,Fall,Natural,Parr,37.0,,1,2026-01-16 10:15:04+00:00,2026-01-16T10:15:04Z,Continue trapping,Lower Feather River RST,RL,,Yes
12,30232,1771,Chinook salmon,255,Fall,Natural,Parr,37.0,,1,2026-01-16 10:15:04+00:00,2026-01-16T10:15:04Z,Continue trapping,Lower Feather River RST,RL,,Yes
12,30233,1771,Chinook salmon,255,Fall,Natural,Parr,30.0,,1,2026-01-16 10:15:04+00:00,2026-01-16T10:15:04Z,Continue trapping,Lower Feather River RST,RL,,Yes
12,30234,1771,Chinook salmon,255,Fall,Natural,Button-up fry,36.0,,1,2026-01-16 10:15:04+00:00,2026-01-16T10:15:04Z,Continue trapping,Lower Feather River RST,RL,,Yes
12,30235,1771,Chinook salmon,255,Fall,Natural,Parr,34.0,,1,2026-01-16 10:15:04+00:00,2026-01-16T10:15:04Z,Continue trapping,Lower Feather River RST,RL,,Yes
12,30236,1771,Chinook salmon,255,Fall,Natural,Parr,30.0,,1,2026-01-16 10:15:04+00:00,2026-01-16T10:15:04Z,Continue trapping,Lower Feather River RST,RL,,Yes
12,30237,1771,Chinook salmon,255,Fall,Natural,Parr,39.0,,1,2026-01-16 10:15:04+00:00,2026-01-16T10:15:04Z,Continue trapping,Lower Feather River RST,RL,,Yes
12,30238,1771,Chinook salmon,255,Fall,Natural,Parr,37.0,,1,2026-01-16 10:15:04+00:00,2026-01-16T10:15:04Z,Continue trapping,Lower Feather River RST,RL,,Yes
12,30239,1771,Chinook salmon,255,Fall,Natural,Parr,38.0,,1,2026-01-16 10:15:04+00:00,2026-01-16T10:15:04Z,Continue trapping,Lower Feather River RST,RL,,Yes
12,30240,1771,Chinook salmon,255,Fall,Natural,Parr,36.0,,1,2026-01-16 10:15:04+00:00,2026-01-16T10:15:04Z,Continue trapping,Lower Feather River RST,RL,,Yes
12,30241,1771,Chinook salmon,255,Fall,Natural,Parr,38.0,,1,2026-01-16 10:15:04+00:00,2026-01-16T10:15:04Z,Continue trapping,Lower Feather River RST,RL,,Yes
12,30242,1771,Chinook salmon,255,Fall,Natural,Parr,39.0,,1,2026-01-16 10:15:04+00:00,2026-01-16T10:15:04Z,Continue trapping,Lower Feather River RST,RL,,Yes
12,30243,1771,Chinook salmon,255,Fall,Natural,Parr,36.0,,1,2026-01-16 10:15:04+00:00,2026-01-16T10:15:04Z,Continue trapping,Lower Feather River RST,RL,,Yes
12,30244,1771,Chinook salmon,255,Fall,Natural,Parr,34.0,,1,2026-01-16 10:15:04+00:00,2026-01-16T10:15:04Z,Continue trapping,Lower Feather River RST,RL,,Yes
12,30245,1771,Chinook salmon,255,Fall,Natural,Parr,36.0,,1,2026-01-16 10:15:04+00:00,2026-01-16T10:15:04Z,Continue trapping,Lower Feather River RST,RL,,Yes
12,30246,1771,Chinook salmon,255,Fall,Natural,Parr,39.0,,1,2026-01-16 10:15:04+00:00,2026-01-16T10:15:04Z,Continue trapping,Lower Feather River RST,RL,,Yes
12,30247,1771,Chinook salmon,255,Fall,Natural,Parr,29.0,,1,2026-01-16 10:15:04+00:00,2026-01-16T10:15:04Z,Continue trapping,Lower Feather River RST,RL,,Yes
12,30248,1771,Mosquitofish,255,Not recorded,Natural,Not recorded,,30.0,1,2026-01-16 10:15:04+00:00,2026-01-16T10:15:04Z,Continue trapping,Lower Feather River RST,RL,,Yes
12,30249,1772,Chinook salmon,255,Fall,Natural,Parr,35.0,,1,2026-01-16 10:15:01+00:00,2026-01-16T10:15:01Z,Continue trapping,Lower Feather River RST,RR,,Yes
12,30250,1772,Chinook salmon,255,Fall,Natural,Parr,38.0,,1,2026-01-16 10:15:01+00:00,2026-01-16T10:15:01Z,Continue trapping,Lower Feather River RST,RR,,Yes
12,30251,1772,Chinook salmon,255,Fall,Natural,Parr,35.0,,1,2026-01-16 10:15:01+00:00,2026-01-16T10:15:01Z,Continue trapping,Lower Feather River RST,RR,,Yes
12,30252,1772,Chinook salmon,255,Fall,Natural,Parr,35.0,,1,2026-01-16 10:15:01+00:00,2026-01-16T10:15:01Z,Continue trapping,Lower Feather River RST,RR,,Yes
12,30253,1772,Chinook salmon,255,Fall,Natural,Parr,36.0,,1,2026-01-16 10:15:01+00:00,2026-01-16T10:15:01Z,Continue trapping,Lower Feather River RST,RR,,Yes
12,30254,1772,Chinook salmon,255,Fall,Natural,Parr,30.0,,1,2026-01-16 10:15:01+00:00,2026-01-16T10:15:01Z,Continue trapping,Lower Feather River RST,RR,,Yes
12,30255,1772,Chinook salmon,255,Fall,Natural,Parr,36.0,,1,2026-01-16 10:15:01+00:00,2026-01-16T10:15:01Z,Continue trapping,Lower Feather River RST,RR,,Yes
12,30256,1772,Chinook salmon,255,Fall,Natural,Parr,34.0,,1,2026-01-16 10:15:01+00:00,2026-01-16T10:15:01Z,Continue trapping,Lower Feather River RST,RR,,Yes
12,30257,1772,Chinook salmon,255,Fall,Natural,Parr,35.0,,1,2026-01-16 10:15:01+00:00,2026-01-16T10:15:01Z,Continue trapping,Lower Feather River RST,RR,,Yes
12,30258,1772,Chinook salmon,255,Fall,Natural,Parr,33.0,,1,2026-01-16 10:15:01+00:00,2026-01-16T10:15:01Z,Continue trapping,Lower Feather River RST,RR,,Yes
12,30259,1772,Chinook salmon,255,Fall,Natural,Parr,33.0,,1,2026-01-16 10:15:01+00:00,2026-01-16T10:15:01Z,Continue trapping,Lower Feather River RST,RR,,Yes
12,30260,1772,Chinook salmon,255,Fall,Natural,Parr,37.0,,1,2026-01-16 10:15:01+00:00,2026-01-16T10:15:01Z,Continue trapping,Lower Feather River RST,RR,,Yes
12,30261,1772,Chinook salmon,255,Fall,Natural,Parr,32.0,,1,2026-01-16 10:15:01+00:00,2026-01-16T10:15:01Z,Continue trapping,Lower Feather River RST,RR,,Yes
12,30262,1772,Chinook salmon,255,Fall,Natural,Parr,35.0,,1,2026-01-16 10:15:01+00:00,2026-01-16T10:15:01Z,Continue trapping,Lower Feather River RST,RR,,Yes
12,30263,1772,Chinook salmon,255,Fall,Natural,Parr,37.0,,1,2026-01-16 10:15:01+00:00,2026-01-16T10:15:01Z,Continue trapping,Lower Feather River RST,RR,,Yes
12,30264,1772,Chinook salmon,255,Fall,Natural,Parr,34.0,,1,2026-01-16 10:15:01+00:00,2026-01-16T10:15:01Z,Continue trapping,Lower Feather River RST,RR,,Yes
12,30265,1772,Chinook salmon,255,Fall,Natural,Parr,35.0,,1,2026-01-16 10:15:01+00:00,2026-01-16T10:15:01Z,Continue trapping,Lower Feather River RST,RR,,Yes
12,30266,1772,Chinook salmon,255,Fall,Natural,Parr,36.0,,1,2026-01-16 10:15:01+00:00,2026-01-16T10:15:01Z,Continue trapping,Lower Feather River RST,RR,,Yes
12,30267,1772,Chinook salmon,255,Fall,Natural,Parr,35.0,,1,2026-01-16 10:15:01+00:00,2026-01-16T10:15:01Z,Continue trapping,Lower Feather River RST,RR,,Yes
12,30268,1772,Chinook salmon,255,Fall,Natural,Parr,5.0,,1,2026-01-16 10:15:01+00:00,2026-01-16T10:15:01Z,Continue trapping,Lower Feather River RST,RR,,Yes
12,30269,1772,Chinook salmon,255,Fall,Natural,Parr,35.0,,1,2026-01-16 10:15:01+00:00,2026-01-16T10:15:01Z,Continue trapping,Lower Feather River RST,RR,,Yes
12,30270,1772,Chinook salmon,255,Fall,Natural,Parr,35.0,,1,2026-01-16 10:15:01+00:00,2026-01-16T10:15:01Z,Continue trapping,Lower Feather River RST,RR,,Yes
12,30271,1772,Chinook salmon,255,Fall,Natural,Parr,36.0,,1,2026-01-16 10:15:01+00:00,2026-01-16T10:15:01Z,Continue trapping,Lower Feather River RST,RR,,Yes
12,30272,1772,Chinook salmon,255,Fall,Natural,Parr,38.0,,1,2026-01-16 10:15:01+00:00,2026-01-16T10:15:01Z,Continue trapping,Lower Feather River RST,RR,,Yes
12,30273,1772,Chinook salmon,255,Fall,Natural,Parr,29.0,,1,2026-01-16 10:15:01+00:00,2026-01-16T10:15:01Z,Continue trapping,Lower Feather River RST,RR,,Yes
12,30274,1772,Chinook salmon,255,Fall,Natural,Parr,34.0,,1,2026-01-16 10:15:01+00:00,2026-01-16T10:15:01Z,Continue trapping,Lower Feather River RST,RR,,Yes
12,30275,1772,Chinook salmon,255,Fall,Natural,Parr,31.0,,1,2026-01-16 10:15:01+00:00,2026-01-16T10:15:01Z,Continue trapping,Lower Feather River RST,RR,,Yes
12,30276,1772,Chinook salmon,255,Fall,Natural,Parr,35.0,,1,2026-01-16 10:15:01+00:00,2026-01-16T10:15:01Z,Continue trapping,Lower Feather River RST,RR,,Yes
12,30277,1772,Chinook salmon,255,Fall,Natural,Parr,37.0,,1,2026-01-16 10:15:01+00:00,2026-01-16T10:15:01Z,Continue trapping,Lower Feather River RST,RR,,Yes
12,30278,1772,Chinook salmon,255,Fall,Natural,Parr,35.0,,1,2026-01-16 10:15:01+00:00,2026-01-16T10:15:01Z,Continue trapping,Lower Feather River RST,RR,,Yes
12,30279,1772,Chinook salmon,255,Fall,Natural,Parr,34.0,,1,2026-01-16 10:15:01+00:00,2026-01-16T10:15:01Z,Continue trapping,Lower Feather River RST,RR,,Yes
12,30280,1772,Chinook salmon,255,Fall,Natural,Parr,34.0,,1,2026-01-16 10:15:01+00:00,2026-01-16T10:15:01Z,Continue trapping,Lower Feather River RST,RR,,Yes
12,30281,1772,Chinook salmon,255,Fall,Natural,Parr,36.0,,1,2026-01-16 10:15:01+00:00,2026-01-16T10:15:01Z,Continue trapping,Lower Feather River RST,RR,,Yes
12,30282,1772,Chinook salmon,255,Fall,Natural,Parr,38.0,,1,2026-01-16 10:15:01+00:00,2026-01-16T10:15:01Z,Continue trapping,Lower Feather River RST,RR,,Yes
12,30283,1772,Chinook salmon,255,Fall,Natural,Parr,37.0,,1,2026-01-16 10:15:01+00:00,2026-01-16T10:15:01Z,Continue trapping,Lower Feather River RST,RR,,Yes
12,30284,1772,Chinook salmon,255,Fall,Natural,Parr,37.0,,1,2026-01-16 10:15:01+00:00,2026-01-16T10:15:01Z,Continue trapping,Lower Feather River RST,RR,,Yes
12,30285,1772,Chinook salmon,255,Fall,Natural,Parr,34.0,,1,2026-01-16 10:15:01+00:00,2026-01-16T10:15:01Z,Continue trapping,Lower Feather River RST,RR,,Yes
12,30286,1772,Chinook salmon,255,Fall,Natural,Parr,37.0,,1,2026-01-16 10:15:01+00:00,2026-01-16T10:15:01Z,Continue trapping,Lower Feather River RST,RR,,Yes
12,30287,1772,Chinook salmon,255,Fall,Natural,Parr,42.0,,1,2026-01-16 10:15:01+00:00,2026-01-16T10:15:01Z,Continue trapping,Lower Feather River RST,RR,,Yes
12,30288,1772,Chinook salmon,255,Fall,Natural,Parr,36.0,,1,2026-01-16 10:15:01+00:00,2026-01-16T10:15:01Z,Continue trapping,Lower Feather River RST,RR,,Yes
12,30289,1772,Chinook salmon,255,Fall,Natural,Parr,38.0,,1,2026-01-16 10:15:01+00:00,2026-01-16T10:15:01Z,Continue trapping,Lower Feather River RST,RR,,Yes
12,30290,1772,Chinook salmon,255,Fall,Natural,Parr,38.0,,1,2026-01-16 10:15:01+00:00,2026-01-16T10:15:01Z,Continue trapping,Lower Feather River RST,RR,,Yes
12,30291,1772,Chinook salmon,255,Fall,Natural,Parr,34.0,,1,2026-01-16 10:15:01+00:00,2026-01-16T10:15:01Z,Continue trapping,Lower Feather River RST,RR,,Yes
12,30292,1772,Chinook salmon,255,Fall,Natural,Parr,33.0,,1,2026-01-16 10:15:01+00:00,2026-01-16T10:15:01Z,Continue trapping,Lower Feather River RST,RR,,Yes
12,30293,1772,Chinook salmon,255,Fall,Natural,Parr,35.0,,1,2026-01-16 10:15:01+00:00,2026-01-16T10:15:01Z,Continue trapping,Lower Feather River RST,RR,,Yes
12,30294,1772,Chinook salmon,255,Fall,Natural,Parr,37.0,,1,2026-01-16 10:15:01+00:00,2026-01-16T10:15:01Z,Continue trapping,Lower Feather River RST,RR,,Yes
12,30295,1772,Chinook salmon,255,Fall,Natural,Parr,35.0,,1,2026-01-16 10:15:01+00:00,2026-01-16T10:15:01Z,Continue trapping,Lower Feather River RST,RR,,Yes
12,30296,1772,Chinook salmon,255,Fall,Natural,Parr,36.0,,1,2026-01-16 10:15:01+00:00,2026-01-16T10:15:01Z,Continue trapping,Lower Feather River RST,RR,,Yes
12,30297,1772,Chinook salmon,255,Fall,Natural,Parr,34.0,,1,2026-01-16 10:15:01+00:00,2026-01-16T10:15:01Z,Continue trapping,Lower Feather River RST,RR,,Yes
12,30298,1772,Chinook salmon,255,Fall,Natural,Parr,36.0,,1,2026-01-16 10:15:01+00:00,2026-01-16T10:15:01Z,Continue trapping,Lower Feather River RST,RR,,Yes
12,30299,1772,Chinook salmon,255,Spring,Natural,Parr,51.0,,1,2026-01-16 10:15:01+00:00,2026-01-16T10:15:01Z,Continue trapping,Lower Feather River RST,RR,,Yes
12,30300,1772,Steelhead / rainbow trout,255,Not recorded,Hatchery,Yearling,195.0,,1,2026-01-16 10:15:01+00:00,2026-01-16T10:15:01Z,Continue trapping,Lower Feather River RST,RR,,Yes
12,30301,1772,Steelhead / rainbow trout,255,Not recorded,Hatchery,Yearling,195.0,,1,2026-01-16 10:15:01+00:00,2026-01-16T10:15:01Z,Continue trapping,Lower Feather River RST,RR,,Yes
12,30302,1772,California roach,255,Not recorded,Natural,Not recorded,,114.0,1,2026-01-16 10:15:01+00:00,2026-01-16T10:15:01Z,Continue trapping,Lower Feather River RST,RR,,Yes
12,30303,1772,Wakasagi / Japanese smelt,255,Not recorded,Natural,Not recorded,,93.0,1,2026-01-16 10:15:01+00:00,2026-01-16T10:15:01Z,Continue trapping,Lower Feather River RST,RR,,Yes
12,30304,1773,Chinook salmon,255,Fall,Natural,Parr,35.0,,1,2026-01-17 10:30:09+00:00,2026-01-17T10:30:09Z,Continue trapping,Lower Feather River RST,RL,,Yes
12,30305,1773,Chinook salmon,255,Fall,Natural,Fry,36.0,,1,2026-01-17 10:30:09+00:00,2026-01-17T10:30:09Z,Continue trapping,Lower Feather River RST,RL,,Yes
12,30306,1773,Chinook salmon,255,Fall,Natural,Fry,36.0,,1,2026-01-17 10:30:09+00:00,2026-01-17T10:30:09Z,Continue trapping,Lower Feather River RST,RL,,Yes
12,30307,1773,Chinook salmon,255,Fall,Natural,Parr,39.0,,1,2026-01-17 10:30:09+00:00,2026-01-17T10:30:09Z,Continue trapping,Lower Feather River RST,RL,,Yes
12,30308,1773,Chinook salmon,255,Fall,Natural,Fry,37.0,,1,2026-01-17 10:30:09+00:00,2026-01-17T10:30:09Z,Continue trapping,Lower Feather River RST,RL,,Yes
12,30309,1773,Chinook salmon,255,Fall,Natural,Parr,38.0,,1,2026-01-17 10:30:09+00:00,2026-01-17T10:30:09Z,Continue trapping,Lower Feather River RST,RL,,Yes
12,30310,1773,Chinook salmon,255,Fall,Natural,Fry,33.0,,1,2026-01-17 10:30:09+00:00,2026-01-17T10:30:09Z,Continue trapping,Lower Feather River RST,RL,,Yes
12,30311,1773,Chinook salmon,255,Fall,Natural,Parr,37.0,,1,2026-01-17 10:30:09+00:00,2026-01-17T10:30:09Z,Continue trapping,Lower Feather River RST,RL,,Yes
12,30312,1773,Chinook salmon,255,Fall,Natural,Parr,34.0,,1,2026-01-17 10:30:09+00:00,2026-01-17T10:30:09Z,Continue trapping,Lower Feather River RST,RL,,Yes
12,30313,1773,Chinook salmon,255,Fall,Natural,Parr,33.0,,1,2026-01-17 10:30:09+00:00,2026-01-17T10:30:09Z,Continue trapping,Lower Feather River RST,RL,,Yes
12,30314,1773,Chinook salmon,255,Fall,Natural,Parr,38.0,,1,2026-01-17 10:30:09+00:00,2026-01-17T10:30:09Z,Continue trapping,Lower Feather River RST,RL,,Yes
12,30315,1773,Chinook salmon,255,Fall,Natural,Parr,36.0,,1,2026-01-17 10:30:09+00:00,2026-01-17T10:30:09Z,Continue trapping,Lower Feather River RST,RL,,Yes
12,30316,1773,Chinook salmon,255,Fall,Natural,Fry,35.0,,1,2026-01-17 10:30:09+00:00,2026-01-17T10:30:09Z,Continue trapping,Lower Feather River RST,RL,,Yes
12,30317,1773,Chinook salmon,255,Fall,Natural,Parr,37.0,,1,2026-01-17 10:30:09+00:00,2026-01-17T10:30:09Z,Continue trapping,Lower Feather River RST,RL,,Yes
12,30318,1773,Chinook salmon,255,Fall,Natural,Parr,35.0,,1,2026-01-17 10:30:09+00:00,2026-01-17T10:30:09Z,Continue trapping,Lower Feather River RST,RL,,Yes
12,30319,1773,Chinook salmon,255,Fall,Natural,Parr,34.0,,1,2026-01-17 10:30:09+00:00,2026-01-17T10:30:09Z,Continue trapping,Lower Feather River RST,RL,,Yes
12,30320,1773,Chinook salmon,255,Fall,Natural,Parr,36.0,,1,2026-01-17 10:30:09+00:00,2026-01-17T10:30:09Z,Continue trapping,Lower Feather River RST,RL,,Yes
12,30321,1773,Chinook salmon,255,Fall,Natural,Parr,37.0,,1,2026-01-17 10:30:09+00:00,2026-01-17T10:30:09Z,Continue trapping,Lower Feather River RST,RL,,Yes
12,30322,1773,Chinook salmon,255,Fall,Natural,Parr,39.0,,1,2026-01-17 10:30:09+00:00,2026-01-17T10:30:09Z,Continue trapping,Lower Feather River RST,RL,,Yes
12,30323,1773,Chinook salmon,255,Fall,Natural,Parr,36.0,,1,2026-01-17 10:30:09+00:00,2026-01-17T10:30:09Z,Continue trapping,Lower Feather River RST,RL,,Yes
12,30324,1773,Chinook salmon,255,Fall,Natural,Parr,37.0,,1,2026-01-17 10:30:09+00:00,2026-01-17T10:30:09Z,Continue trapping,Lower Feather River RST,RL,,Yes
12,30325,1773,Chinook salmon,255,Fall,Natural,Parr,38.0,,1,2026-01-17 10:30:09+00:00,2026-01-17T10:30:09Z,Continue trapping,Lower Feather River RST,RL,,Yes
12,30326,1773,Chinook salmon,255,Fall,Natural,Parr,36.0,,1,2026-01-17 10:30:09+00:00,2026-01-17T10:30:09Z,Continue trapping,Lower Feather River RST,RL,,Yes
12,30327,1773,Chinook salmon,255,Fall,Natural,Parr,37.0,,1,2026-01-17 10:30:09+00:00,2026-01-17T10:30:09Z,Continue trapping,Lower Feather River RST,RL,,Yes
12,30328,1773,Chinook salmon,255,Fall,Natural,Parr,33.0,,1,2026-01-17 10:30:09+00:00,2026-01-17T10:30:09Z,Continue trapping,Lower Feather River RST,RL,,Yes
12,30329,1773,Chinook salmon,255,Fall,Natural,Parr,36.0,,1,2026-01-17 10:30:09+00:00,2026-01-17T10:30:09Z,Continue trapping,Lower Feather River RST,RL,,Yes
12,30330,1773,Chinook salmon,255,Fall,Natural,Fry,35.0,,1,2026-01-17 10:30:09+00:00,2026-01-17T10:30:09Z,Continue trapping,Lower Feather River RST,RL,,Yes
12,30331,1773,Chinook salmon,255,Fall,Natural,Parr,43.0,,1,2026-01-17 10:30:09+00:00,2026-01-17T10:30:09Z,Continue trapping,Lower Feather River RST,RL,,Yes
12,30332,1773,Chinook salmon,255,Fall,Natural,Fry,34.0,,1,2026-01-17 10:30:09+00:00,2026-01-17T10:30:09Z,Continue trapping,Lower Feather River RST,RL,,Yes
12,30333,1774,Chinook salmon,255,Fall,Natural,Yolk sac fry (alevin),32.0,,1,2026-01-17 10:30:07+00:00,2026-01-17T10:30:07Z,Continue trapping,Lower Feather River RST,RR,,Yes
12,30334,1774,Chinook salmon,255,Fall,Natural,Parr,37.0,,1,2026-01-17 10:30:07+00:00,2026-01-17T10:30:07Z,Continue trapping,Lower Feather River RST,RR,,Yes
12,30335,1774,Chinook salmon,255,Fall,Natural,Not recorded,37.0,,1,2026-01-17 10:30:07+00:00,2026-01-17T10:30:07Z,Continue trapping,Lower Feather River RST,RR,,Yes
12,30336,1774,Chinook salmon,255,Fall,Natural,Fry,34.0,,1,2026-01-17 10:30:07+00:00,2026-01-17T10:30:07Z,Continue trapping,Lower Feather River RST,RR,,Yes
12,30337,1774,Chinook salmon,255,Fall,Natural,Parr,36.0,,1,2026-01-17 10:30:07+00:00,2026-01-17T10:30:07Z,Continue trapping,Lower Feather River RST,RR,,Yes
12,30338,1774,Chinook salmon,255,Fall,Natural,Parr,37.0,,1,2026-01-17 10:30:07+00:00,2026-01-17T10:30:07Z,Continue trapping,Lower Feather River RST,RR,,Yes
12,30339,1774,Chinook salmon,255,Fall,Natural,Not recorded,37.0,,1,2026-01-17 10:30:07+00:00,2026-01-17T10:30:07Z,Continue trapping,Lower Feather River RST,RR,,Yes
12,30340,1774,Chinook salmon,255,Fall,Natural,Parr,36.0,,1,2026-01-17 10:30:07+00:00,2026-01-17T10:30:07Z,Continue trapping,Lower Feather River RST,RR,,Yes
12,30341,1774,Chinook salmon,255,Fall,Natural,Fry,34.0,,1,2026-01-17 10:30:07+00:00,2026-01-17T10:30:07Z,Continue trapping,Lower Feather River RST,RR,,Yes
12,30342,1774,Chinook salmon,255,Fall,Natural,Not recorded,39.0,,1,2026-01-17 10:30:07+00:00,2026-01-17T10:30:07Z,Continue trapping,Lower Feather River RST,RR,,Yes
12,30343,1774,Chinook salmon,255,Fall,Natural,Parr,37.0,,1,2026-01-17 10:30:07+00:00,2026-01-17T10:30:07Z,Continue trapping,Lower Feather River RST,RR,,Yes
12,30344,1774,Chinook salmon,255,Fall,Natural,Parr,39.0,,1,2026-01-17 10:30:07+00:00,2026-01-17T10:30:07Z,Continue trapping,Lower Feather River RST,RR,,Yes
12,30345,1774,Chinook salmon,255,Fall,Natural,Parr,34.0,,1,2026-01-17 10:30:07+00:00,2026-01-17T10:30:07Z,Continue trapping,Lower Feather River RST,RR,,Yes
12,30346,1774,Chinook salmon,255,Fall,Natural,Parr,40.0,,1,2026-01-17 10:30:07+00:00,2026-01-17T10:30:07Z,Continue trapping,Lower Feather River RST,RR,,Yes
12,30347,1774,Chinook salmon,255,Fall,Natural,Fry,33.0,,1,2026-01-17 10:30:07+00:00,2026-01-17T10:30:07Z,Continue trapping,Lower Feather River RST,RR,,Yes
12,30348,1774,Chinook salmon,255,Fall,Natural,Parr,38.0,,1,2026-01-17 10:30:07+00:00,2026-01-17T10:30:07Z,Continue trapping,Lower Feather River RST,RR,,Yes
12,30349,1774,Chinook salmon,255,Fall,Natural,Parr,37.0,,1,2026-01-17 10:30:07+00:00,2026-01-17T10:30:07Z,Continue trapping,Lower Feather River RST,RR,,Yes
12,30350,1774,Chinook salmon,255,Fall,Natural,Parr,38.0,,1,2026-01-17 10:30:07+00:00,2026-01-17T10:30:07Z,Continue trapping,Lower Feather River RST,RR,,Yes
12,30351,1774,Chinook salmon,255,Fall,Natural,Parr,39.0,,1,2026-01-17 10:30:07+00:00,2026-01-17T10:30:07Z,Continue trapping,Lower Feather River RST,RR,,Yes
12,30352,1774,Chinook salmon,255,Fall,Natural,Fry,32.0,,1,2026-01-17 10:30:07+00:00,2026-01-17T10:30:07Z,Continue trapping,Lower Feather River RST,RR,,Yes
12,30353,1774,Chinook salmon,255,Fall,Natural,Parr,36.0,,1,2026-01-17 10:30:07+00:00,2026-01-17T10:30:07Z,Continue trapping,Lower Feather River RST,RR,,Yes
12,30354,1774,Chinook salmon,255,Fall,Natural,Parr,38.0,,1,2026-01-17 10:30:07+00:00,2026-01-17T10:30:07Z,Continue trapping,Lower Feather River RST,RR,,Yes
12,30355,1774,Chinook salmon,255,Fall,Natural,Fry,34.0,,1,2026-01-17 10:30:07+00:00,2026-01-17T10:30:07Z,Continue trapping,Lower Feather River RST,RR,,Yes
12,30356,1774,Chinook salmon,255,Fall,Natural,Parr,37.0,,1,2026-01-17 10:30:07+00:00,2026-01-17T10:30:07Z,Continue trapping,Lower Feather River RST,RR,,Yes
12,30357,1774,Chinook salmon,255,Fall,Natural,Parr,36.0,,1,2026-01-17 10:30:07+00:00,2026-01-17T10:30:07Z,Continue trapping,Lower Feather River RST,RR,,Yes
12,30358,1774,Chinook salmon,255,Fall,Natural,Parr,37.0,,1,2026-01-17 10:30:07+00:00,2026-01-17T10:30:07Z,Continue trapping,Lower Feather River RST,RR,,Yes
12,30359,1774,Chinook salmon,255,Fall,Natural,Fry,35.0,,1,2026-01-17 10:30:07+00:00,2026-01-17T10:30:07Z,Continue trapping,Lower Feather River RST,RR,,Yes
12,30360,1774,Chinook salmon,255,Fall,Natural,Parr,37.0,,1,2026-01-17 10:30:07+00:00,2026-01-17T10:30:07Z,Continue trapping,Lower Feather River RST,RR,,Yes
12,30361,1774,Chinook salmon,255,Fall,Natural,Parr,38.0,,1,2026-01-17 10:30:07+00:00,2026-01-17T10:30:07Z,Continue trapping,Lower Feather River RST,RR,,Yes
12,30362,1774,Chinook salmon,255,Fall,Natural,Fry,34.0,,1,2026-01-17 10:30:07+00:00,2026-01-17T10:30:07Z,Continue trapping,Lower Feather River RST,RR,,Yes
12,30363,1774,Chinook salmon,255,Fall,Natural,Fry,32.0,,1,2026-01-17 10:30:07+00:00,2026-01-17T10:30:07Z,Continue trapping,Lower Feather River RST,RR,,Yes
12,30364,1774,Chinook salmon,255,Fall,Natural,Parr,37.0,,1,2026-01-17 10:30:07+00:00,2026-01-17T10:30:07Z,Continue trapping,Lower Feather River RST,RR,,Yes
12,30365,1774,Chinook salmon,255,Fall,Natural,Parr,37.0,,1,2026-01-17 10:30:07+00:00,2026-01-17T10:30:07Z,Continue trapping,Lower Feather River RST,RR,,Yes
12,30366,1774,Chinook salmon,255,Fall,Natural,Parr,36.0,,1,2026-01-17 10:30:07+00:00,2026-01-17T10:30:07Z,Continue trapping,Lower Feather River RST,RR,,Yes
12,30367,1774,Chinook salmon,255,Fall,Natural,Fry,34.0,,1,2026-01-17 10:30:07+00:00,2026-01-17T10:30:07Z,Continue trapping,Lower Feather River RST,RR,,Yes
12,30368,1774,Chinook salmon,255,Fall,Natural,Parr,35.0,,1,2026-01-17 10:30:07+00:00,2026-01-17T10:30:07Z,Continue trapping,Lower Feather River RST,RR,,Yes
12,30369,1774,Chinook salmon,255,Fall,Natural,Parr,36.0,,1,2026-01-17 10:30:07+00:00,2026-01-17T10:30:07Z,Continue trapping,Lower Feather River RST,RR,,Yes
12,30370,1774,Chinook salmon,255,Fall,Natural,Parr,34.0,,1,2026-01-17 10:30:07+00:00,2026-01-17T10:30:07Z,Continue trapping,Lower Feather River RST,RR,,Yes
12,30371,1774,Chinook salmon,255,Fall,Natural,Parr,37.0,,1,2026-01-17 10:30:07+00:00,2026-01-17T10:30:07Z,Continue trapping,Lower Feather River RST,RR,,Yes
12,30372,1774,Chinook salmon,255,Fall,Natural,Parr,36.0,,1,2026-01-17 10:30:07+00:00,2026-01-17T10:30:07Z,Continue trapping,Lower Feather River RST,RR,,Yes
12,30373,1774,Chinook salmon,255,Fall,Natural,Fry,34.0,,1,2026-01-17 10:30:07+00:00,2026-01-17T10:30:07Z,Continue trapping,Lower Feather River RST,RR,,Yes
12,30374,1774,Chinook salmon,255,Fall,Natural,Parr,37.0,,1,2026-01-17 10:30:07+00:00,2026-01-17T10:30:07Z,Continue trapping,Lower Feather River RST,RR,,Yes
12,30375,1774,Chinook salmon,255,Fall,Natural,Parr,37.0,,1,2026-01-17 10:30:07+00:00,2026-01-17T10:30:07Z,Continue trapping,Lower Feather River RST,RR,,Yes
12,30376,1774,Chinook salmon,255,Fall,Natural,Parr,37.0,,1,2026-01-17 10:30:07+00:00,2026-01-17T10:30:07Z,Continue trapping,Lower Feather River RST,RR,,Yes
12,30377,1774,Chinook salmon,255,Fall,Natural,Parr,37.0,,1,2026-01-17 10:30:07+00:00,2026-01-17T10:30:07Z,Continue trapping,Lower Feather River RST,RR,,Yes
12,30378,1774,Chinook salmon,255,Fall,Natural,Parr,37.0,,1,2026-01-17 10:30:07+00:00,2026-01-17T10:30:07Z,Continue trapping,Lower Feather River RST,RR,,Yes
12,30379,1774,Chinook salmon,255,Fall,Natural,Parr,36.0,,1,2026-01-17 10:30:07+00:00,2026-01-17T10:30:07Z,Continue trapping,Lower Feather River RST,RR,,Yes
12,30380,1774,Chinook salmon,255,Fall,Natural,Parr,35.0,,1,2026-01-17 10:30:07+00:00,2026-01-17T10:30:07Z,Continue trapping,Lower Feather River RST,RR,,Yes
12,30381,1774,Chinook salmon,255,Fall,Natural,Parr,34.0,,1,2026-01-17 10:30:07+00:00,2026-01-17T10:30:07Z,Continue trapping,Lower Feather River RST,RR,,Yes
12,30382,1774,Chinook salmon,255,Fall,Natural,Parr,37.0,,1,2026-01-17 10:30:07+00:00,2026-01-17T10:30:07Z,Continue trapping,Lower Feather River RST,RR,,Yes
12,30383,1774,Chinook salmon,255,Fall,Natural,Not recorded,,,71,2026-01-17 10:30:07+00:00,2026-01-17T10:30:07Z,Continue trapping,Lower Feather River RST,RR,,Yes
12,30384,1774,Smallmouth bass,255,Not recorded,Natural,Not recorded,,83.0,1,2026-01-17 10:30:07+00:00,2026-01-17T10:30:07Z,Continue trapping,Lower Feather River RST,RR,,Yes
12,30385,1775,Chinook salmon,255,Fall,Natural,Parr,36.0,,1,2026-01-18 09:30:40+00:00,2026-01-18T09:30:40Z,Continue trapping,Lower Feather River RST,RL,,Yes
12,30386,1775,Chinook salmon,255,Fall,Natural,Parr,35.0,,1,2026-01-18 09:30:40+00:00,2026-01-18T09:30:40Z,Continue trapping,Lower Feather River RST,RL,,Yes
12,30387,1775,Chinook salmon,255,Fall,Natural,Parr,38.0,,1,2026-01-18 09:30:40+00:00,2026-01-18T09:30:40Z,Continue trapping,Lower Feather River RST,RL,,Yes
12,30388,1775,Chinook salmon,255,Fall,Natural,Fry,30.0,,1,2026-01-18 09:30:40+00:00,2026-01-18T09:30:40Z,Continue trapping,Lower Feather River RST,RL,,Yes
12,30389,1775,Chinook salmon,255,Fall,Natural,Parr,37.0,,1,2026-01-18 09:30:40+00:00,2026-01-18T09:30:40Z,Continue trapping,Lower Feather River RST,RL,,Yes
12,30390,1775,Chinook salmon,255,Fall,Natural,Not recorded,38.0,,1,2026-01-18 09:30:40+00:00,2026-01-18T09:30:40Z,Continue trapping,Lower Feather River RST,RL,,Yes
12,30391,1775,Chinook salmon,255,Fall,Natural,Not recorded,38.0,,1,2026-01-18 09:30:40+00:00,2026-01-18T09:30:40Z,Continue trapping,Lower Feather River RST,RL,,Yes
12,30392,1775,Chinook salmon,255,Fall,Natural,Parr,34.0,,1,2026-01-18 09:30:40+00:00,2026-01-18T09:30:40Z,Continue trapping,Lower Feather River RST,RL,,Yes
12,30393,1775,Chinook salmon,255,Fall,Natural,Parr,34.0,,1,2026-01-18 09:30:40+00:00,2026-01-18T09:30:40Z,Continue trapping,Lower Feather River RST,RL,,Yes
12,30394,1775,Chinook salmon,255,Fall,Natural,Parr,31.0,,1,2026-01-18 09:30:40+00:00,2026-01-18T09:30:40Z,Continue trapping,Lower Feather River RST,RL,,Yes
12,30395,1775,Chinook salmon,255,Fall,Natural,Parr,37.0,,1,2026-01-18 09:30:40+00:00,2026-01-18T09:30:40Z,Continue trapping,Lower Feather River RST,RL,,Yes
12,30396,1775,Chinook salmon,255,Fall,Natural,Parr,34.0,,1,2026-01-18 09:30:40+00:00,2026-01-18T09:30:40Z,Continue trapping,Lower Feather River RST,RL,,Yes
12,30397,1775,Chinook salmon,255,Fall,Natural,Parr,41.0,,1,2026-01-18 09:30:40+00:00,2026-01-18T09:30:40Z,Continue trapping,Lower Feather River RST,RL,,Yes
12,30398,1775,Chinook salmon,255,Fall,Natural,Parr,42.0,,1,2026-01-18 09:30:40+00:00,2026-01-18T09:30:40Z,Continue trapping,Lower Feather River RST,RL,,Yes
12,30399,1775,Chinook salmon,255,Fall,Natural,Parr,33.0,,1,2026-01-18 09:30:40+00:00,2026-01-18T09:30:40Z,Continue trapping,Lower Feather River RST,RL,,Yes
12,30400,1775,Chinook salmon,255,Fall,Natural,Parr,36.0,,1,2026-01-18 09:30:40+00:00,2026-01-18T09:30:40Z,Continue trapping,Lower Feather River RST,RL,,Yes
12,30401,1775,Chinook salmon,255,Fall,Natural,Fry,34.0,,1,2026-01-18 09:30:40+00:00,2026-01-18T09:30:40Z,Continue trapping,Lower Feather River RST,RL,,Yes
12,30402,1775,Chinook salmon,255,Fall,Natural,Parr,35.0,,1,2026-01-18 09:30:40+00:00,2026-01-18T09:30:40Z,Continue trapping,Lower Feather River RST,RL,,Yes
12,30403,1775,Chinook salmon,255,Fall,Natural,Parr,38.0,,1,2026-01-18 09:30:40+00:00,2026-01-18T09:30:40Z,Continue trapping,Lower Feather River RST,RL,,Yes
12,30404,1775,Steelhead / rainbow trout,255,Not recorded,Natural,YOY (young of the year),77.0,,1,2026-01-18 09:30:40+00:00,2026-01-18T09:30:40Z,Continue trapping,Lower Feather River RST,RL,,Yes
12,30405,1776,Chinook salmon,255,Fall,Natural,Parr,36.0,,1,2026-01-18 09:30:04+00:00,2026-01-18T09:30:04Z,Continue trapping,Lower Feather River RST,RR,,Yes
12,30406,1776,Chinook salmon,255,Fall,Natural,Parr,34.0,,1,2026-01-18 09:30:04+00:00,2026-01-18T09:30:04Z,Continue trapping,Lower Feather River RST,RR,,Yes
12,30407,1776,Chinook salmon,255,Fall,Natural,Parr,35.0,,1,2026-01-18 09:30:04+00:00,2026-01-18T09:30:04Z,Continue trapping,Lower Feather River RST,RR,,Yes
12,30408,1776,Chinook salmon,255,Fall,Natural,Parr,35.0,,1,2026-01-18 09:30:04+00:00,2026-01-18T09:30:04Z,Continue trapping,Lower Feather River RST,RR,,Yes
12,30409,1776,Chinook salmon,255,Fall,Natural,Fry,34.0,,1,2026-01-18 09:30:04+00:00,2026-01-18T09:30:04Z,Continue trapping,Lower Feather River RST,RR,,Yes
12,30410,1776,Chinook salmon,255,Fall,Natural,Parr,34.0,,1,2026-01-18 09:30:04+00:00,2026-01-18T09:30:04Z,Continue trapping,Lower Feather River RST,RR,,Yes
12,30411,1776,Chinook salmon,255,Fall,Natural,Fry,35.0,,1,2026-01-18 09:30:04+00:00,2026-01-18T09:30:04Z,Continue trapping,Lower Feather River RST,RR,,Yes
12,30412,1776,Chinook salmon,255,Fall,Natural,Parr,36.0,,1,2026-01-18 09:30:04+00:00,2026-01-18T09:30:04Z,Continue trapping,Lower Feather River RST,RR,,Yes
12,30413,1776,Chinook salmon,255,Fall,Natural,Parr,38.0,,1,2026-01-18 09:30:04+00:00,2026-01-18T09:30:04Z,Continue trapping,Lower Feather River RST,RR,,Yes
12,30414,1776,Chinook salmon,255,Fall,Natural,Parr,35.0,,1,2026-01-18 09:30:04+00:00,2026-01-18T09:30:04Z,Continue trapping,Lower Feather River RST,RR,,Yes
12,30415,1776,Chinook salmon,255,Fall,Natural,Parr,35.0,,1,2026-01-18 09:30:04+00:00,2026-01-18T09:30:04Z,Continue trapping,Lower Feather River RST,RR,,Yes
12,30416,1776,Chinook salmon,255,Fall,Natural,Parr,35.0,,1,2026-01-18 09:30:04+00:00,2026-01-18T09:30:04Z,Continue trapping,Lower Feather River RST,RR,,Yes
12,30417,1776,Chinook salmon,255,Fall,Natural,Parr,39.0,,1,2026-01-18 09:30:04+00:00,2026-01-18T09:30:04Z,Continue trapping,Lower Feather River RST,RR,,Yes
12,30418,1776,Chinook salmon,255,Fall,Natural,Parr,38.0,,1,2026-01-18 09:30:04+00:00,2026-01-18T09:30:04Z,Continue trapping,Lower Feather River RST,RR,,Yes
12,30419,1776,Chinook salmon,255,Fall,Natural,Fry,33.0,,1,2026-01-18 09:30:04+00:00,2026-01-18T09:30:04Z,Continue trapping,Lower Feather River RST,RR,,Yes
12,30420,1776,Chinook salmon,255,Fall,Natural,Parr,36.0,,1,2026-01-18 09:30:04+00:00,2026-01-18T09:30:04Z,Continue trapping,Lower Feather River RST,RR,,Yes
12,30421,1776,Chinook salmon,255,Fall,Natural,Parr,37.0,,1,2026-01-18 09:30:04+00:00,2026-01-18T09:30:04Z,Continue trapping,Lower Feather River RST,RR,,Yes
12,30422,1776,Chinook salmon,255,Fall,Natural,Parr,35.0,,1,2026-01-18 09:30:04+00:00,2026-01-18T09:30:04Z,Continue trapping,Lower Feather River RST,RR,,Yes
12,30423,1776,Chinook salmon,255,Fall,Natural,Parr,36.0,,1,2026-01-18 09:30:04+00:00,2026-01-18T09:30:04Z,Continue trapping,Lower Feather River RST,RR,,Yes
12,30424,1776,Chinook salmon,255,Fall,Natural,Parr,36.0,,1,2026-01-18 09:30:04+00:00,2026-01-18T09:30:04Z,Continue trapping,Lower Feather River RST,RR,,Yes
12,30425,1776,Chinook salmon,255,Fall,Natural,Parr,40.0,,1,2026-01-18 09:30:04+00:00,2026-01-18T09:30:04Z,Continue trapping,Lower Feather River RST,RR,,Yes
12,30426,1776,Chinook salmon,255,Fall,Natural,Parr,35.0,,1,2026-01-18 09:30:04+00:00,2026-01-18T09:30:04Z,Continue trapping,Lower Feather River RST,RR,,Yes
12,30427,1776,Chinook salmon,255,Fall,Natural,Parr,36.0,,1,2026-01-18 09:30:04+00:00,2026-01-18T09:30:04Z,Continue trapping,Lower Feather River RST,RR,,Yes
12,30428,1776,Chinook salmon,255,Fall,Natural,Fry,33.0,,1,2026-01-18 09:30:04+00:00,2026-01-18T09:30:04Z,Continue trapping,Lower Feather River RST,RR,,Yes
12,30429,1776,Chinook salmon,255,Fall,Natural,Parr,36.0,,1,2026-01-18 09:30:04+00:00,2026-01-18T09:30:04Z,Continue trapping,Lower Feather River RST,RR,,Yes
12,30430,1776,Chinook salmon,255,Fall,Natural,Parr,37.0,,1,2026-01-18 09:30:04+00:00,2026-01-18T09:30:04Z,Continue trapping,Lower Feather River RST,RR,,Yes
12,30431,1776,Chinook salmon,255,Fall,Natural,Parr,36.0,,1,2026-01-18 09:30:04+00:00,2026-01-18T09:30:04Z,Continue trapping,Lower Feather River RST,RR,,Yes
12,30432,1776,Chinook salmon,255,Fall,Natural,Parr,35.0,,1,2026-01-18 09:30:04+00:00,2026-01-18T09:30:04Z,Continue trapping,Lower Feather River RST,RR,,Yes
12,30433,1776,Chinook salmon,255,Fall,Natural,Yolk sac fry (alevin),34.0,,1,2026-01-18 09:30:04+00:00,2026-01-18T09:30:04Z,Continue trapping,Lower Feather River RST,RR,,Yes
12,30434,1776,Chinook salmon,255,Fall,Natural,Parr,35.0,,1,2026-01-18 09:30:04+00:00,2026-01-18T09:30:04Z,Continue trapping,Lower Feather River RST,RR,,Yes
12,30435,1776,Chinook salmon,255,Fall,Natural,Parr,34.0,,1,2026-01-18 09:30:04+00:00,2026-01-18T09:30:04Z,Continue trapping,Lower Feather River RST,RR,,Yes
12,30436,1776,Chinook salmon,255,Fall,Natural,Parr,34.0,,1,2026-01-18 09:30:04+00:00,2026-01-18T09:30:04Z,Continue trapping,Lower Feather River RST,RR,,Yes
12,30437,1776,Chinook salmon,255,Fall,Natural,Not recorded,34.0,,1,2026-01-18 09:30:04+00:00,2026-01-18T09:30:04Z,Continue trapping,Lower Feather River RST,RR,,Yes
12,30438,1776,Chinook salmon,255,Fall,Natural,Parr,37.0,,1,2026-01-18 09:30:04+00:00,2026-01-18T09:30:04Z,Continue trapping,Lower Feather River RST,RR,,Yes
12,30439,1776,Chinook salmon,255,Fall,Natural,Parr,36.0,,1,2026-01-18 09:30:04+00:00,2026-01-18T09:30:04Z,Continue trapping,Lower Feather River RST,RR,,Yes
12,30440,1776,Chinook salmon,255,Fall,Natural,Fry,33.0,,1,2026-01-18 09:30:04+00:00,2026-01-18T09:30:04Z,Continue trapping,Lower Feather River RST,RR,,Yes
12,30441,1776,Chinook salmon,255,Fall,Natural,Parr,37.0,,1,2026-01-18 09:30:04+00:00,2026-01-18T09:30:04Z,Continue trapping,Lower Feather River RST,RR,,Yes
12,30442,1776,Chinook salmon,255,Fall,Natural,Parr,35.0,,1,2026-01-18 09:30:04+00:00,2026-01-18T09:30:04Z,Continue trapping,Lower Feather River RST,RR,,Yes
12,30443,1776,Chinook salmon,255,Fall,Natural,Parr,35.0,,1,2026-01-18 09:30:04+00:00,2026-01-18T09:30:04Z,Continue trapping,Lower Feather River RST,RR,,Yes
12,30444,1776,Chinook salmon,255,Fall,Natural,Parr,34.0,,1,2026-01-18 09:30:04+00:00,2026-01-18T09:30:04Z,Continue trapping,Lower Feather River RST,RR,,Yes
12,30445,1776,Chinook salmon,255,Fall,Natural,Parr,36.0,,1,2026-01-18 09:30:04+00:00,2026-01-18T09:30:04Z,Continue trapping,Lower Feather River RST,RR,,Yes
12,30446,1776,Chinook salmon,255,Fall,Natural,Fry,34.0,,1,2026-01-18 09:30:04+00:00,2026-01-18T09:30:04Z,Continue trapping,Lower Feather River RST,RR,,Yes
12,30447,1776,Chinook salmon,255,Fall,Natural,Parr,35.0,,1,2026-01-18 09:30:04+00:00,2026-01-18T09:30:04Z,Continue trapping,Lower Feather River RST,RR,,Yes
12,30448,1776,Chinook salmon,255,Fall,Natural,Parr,37.0,,1,2026-01-18 09:30:04+00:00,2026-01-18T09:30:04Z,Continue trapping,Lower Feather River RST,RR,,Yes
12,30449,1776,Chinook salmon,255,Fall,Natural,Fry,34.0,,1,2026-01-18 09:30:04+00:00,2026-01-18T09:30:04Z,Continue trapping,Lower Feather River RST,RR,,Yes
12,30450,1776,Chinook salmon,255,Fall,Natural,Parr,36.0,,1,2026-01-18 09:30:04+00:00,2026-01-18T09:30:04Z,Continue trapping,Lower Feather River RST,RR,,Yes
12,30451,1776,Chinook salmon,255,Fall,Natural,Parr,36.0,,1,2026-01-18 09:30:04+00:00,2026-01-18T09:30:04Z,Continue trapping,Lower Feather River RST,RR,,Yes
12,30452,1776,Chinook salmon,255,Fall,Natural,Parr,37.0,,1,2026-01-18 09:30:04+00:00,2026-01-18T09:30:04Z,Continue trapping,Lower Feather River RST,RR,,Yes
12,30453,1776,Chinook salmon,255,Fall,Natural,Parr,34.0,,1,2026-01-18 09:30:04+00:00,2026-01-18T09:30:04Z,Continue trapping,Lower Feather River RST,RR,,Yes
12,30454,1776,Chinook salmon,255,Fall,Natural,Parr,35.0,,1,2026-01-18 09:30:04+00:00,2026-01-18T09:30:04Z,Continue trapping,Lower Feather River RST,RR,,Yes
12,30455,1776,Chinook salmon,255,Fall,Natural,Not recorded,,,70,2026-01-18 09:30:04+00:00,2026-01-18T09:30:04Z,Continue trapping,Lower Feather River RST,RR,,Yes
12,30456,1776,Chinook salmon,255,Fall,Natural,Not recorded,,,1,2026-01-18 09:30:04+00:00,2026-01-18T09:30:04Z,Continue trapping,Lower Feather River RST,RR,,Yes
12,30457,1776,Steelhead / rainbow trout,255,Not recorded,Hatchery,Yearling,,,1,2026-01-18 09:30:04+00:00,2026-01-18T09:30:04Z,Continue trapping,Lower Feather River RST,RR,,Yes
12,30458,1776,Chinook salmon,255,Spring,Natural,Parr,45.0,,1,2026-01-18 09:30:04+00:00,2026-01-18T09:30:04Z,Continue trapping,Lower Feather River RST,RR,,Yes
12,30459,1776,Mosquitofish,255,Not recorded,Natural,Not recorded,,27.0,1,2026-01-18 09:30:04+00:00,2026-01-18T09:30:04Z,Continue trapping,Lower Feather River RST,RR,,Yes
12,30460,1776,Unknown lamprey (Entosphenus or Lampetra),255,Not recorded,Natural,Not recorded,,72.0,1,2026-01-18 09:30:04+00:00,2026-01-18T09:30:04Z,Continue trapping,Lower Feather River RST,RR,,Yes
12,30461,1777,Chinook salmon,255,Fall,Natural,Parr,35.0,,1,2026-01-19 10:00:17+00:00,2026-01-19T10:00:17Z,Continue trapping,Lower Feather River RST,RL,,Yes
12,30463,1778,Chinook salmon,255,Fall,Natural,Parr,41.0,,1,2026-01-19 10:00:51+00:00,2026-01-19T10:00:51Z,Continue trapping,Lower Feather River RST,RR,,Yes
12,30464,1778,Chinook salmon,255,Fall,Natural,Parr,38.0,,1,2026-01-19 10:00:51+00:00,2026-01-19T10:00:51Z,Continue trapping,Lower Feather River RST,RR,,Yes
12,30465,1778,Chinook salmon,255,Fall,Natural,Parr,39.0,,1,2026-01-19 10:00:51+00:00,2026-01-19T10:00:51Z,Continue trapping,Lower Feather River RST,RR,,Yes
12,30466,1778,Chinook salmon,255,Fall,Natural,Parr,36.0,,1,2026-01-19 10:00:51+00:00,2026-01-19T10:00:51Z,Continue trapping,Lower Feather River RST,RR,,Yes
12,30467,1778,Chinook salmon,255,Fall,Natural,Parr,36.0,,1,2026-01-19 10:00:51+00:00,2026-01-19T10:00:51Z,Continue trapping,Lower Feather River RST,RR,,Yes
12,30468,1778,Chinook salmon,255,Fall,Natural,Parr,35.0,,1,2026-01-19 10:00:51+00:00,2026-01-19T10:00:51Z,Continue trapping,Lower Feather River RST,RR,,Yes
12,30469,1778,Chinook salmon,255,Fall,Natural,Parr,34.0,,1,2026-01-19 10:00:51+00:00,2026-01-19T10:00:51Z,Continue trapping,Lower Feather River RST,RR,,Yes
12,30470,1778,Chinook salmon,255,Fall,Natural,Parr,37.0,,1,2026-01-19 10:00:51+00:00,2026-01-19T10:00:51Z,Continue trapping,Lower Feather River RST,RR,,Yes
12,30471,1778,Chinook salmon,255,Fall,Natural,Parr,38.0,,1,2026-01-19 10:00:51+00:00,2026-01-19T10:00:51Z,Continue trapping,Lower Feather River RST,RR,,Yes
12,30472,1778,Chinook salmon,255,Fall,Natural,Parr,38.0,,1,2026-01-19 10:00:51+00:00,2026-01-19T10:00:51Z,Continue trapping,Lower Feather River RST,RR,,Yes
12,30473,1778,Chinook salmon,255,Fall,Natural,Parr,36.0,,1,2026-01-19 10:00:51+00:00,2026-01-19T10:00:51Z,Continue trapping,Lower Feather River RST,RR,,Yes
12,30474,1778,Chinook salmon,255,Fall,Natural,Parr,35.0,,1,2026-01-19 10:00:51+00:00,2026-01-19T10:00:51Z,Continue trapping,Lower Feather River RST,RR,,Yes
12,30475,1778,Chinook salmon,255,Fall,Natural,Parr,38.0,,1,2026-01-19 10:00:51+00:00,2026-01-19T10:00:51Z,Continue trapping,Lower Feather River RST,RR,,Yes
12,30476,1778,Chinook salmon,255,Fall,Natural,Parr,37.0,,1,2026-01-19 10:00:51+00:00,2026-01-19T10:00:51Z,Continue trapping,Lower Feather River RST,RR,,Yes
12,30477,1778,Chinook salmon,255,Fall,Natural,Parr,36.0,,1,2026-01-19 10:00:51+00:00,2026-01-19T10:00:51Z,Continue trapping,Lower Feather River RST,RR,,Yes
12,30478,1778,Chinook salmon,255,Fall,Natural,Parr,36.0,,1,2026-01-19 10:00:51+00:00,2026-01-19T10:00:51Z,Continue trapping,Lower Feather River RST,RR,,Yes
12,30479,1778,Chinook salmon,255,Fall,Natural,Parr,37.0,,1,2026-01-19 10:00:51+00:00,2026-01-19T10:00:51Z,Continue trapping,Lower Feather River RST,RR,,Yes
12,30480,1778,Chinook salmon,255,Fall,Natural,Parr,35.0,,1,2026-01-19 10:00:51+00:00,2026-01-19T10:00:51Z,Continue trapping,Lower Feather River RST,RR,,Yes
12,30481,1778,Chinook salmon,255,Fall,Natural,Parr,38.0,,1,2026-01-19 10:00:51+00:00,2026-01-19T10:00:51Z,Continue trapping,Lower Feather River RST,RR,,Yes
12,30482,1778,Chinook salmon,255,Fall,Natural,Parr,39.0,,1,2026-01-19 10:00:51+00:00,2026-01-19T10:00:51Z,Continue trapping,Lower Feather River RST,RR,,Yes
12,30483,1778,Chinook salmon,255,Fall,Natural,Parr,35.0,,1,2026-01-19 10:00:51+00:00,2026-01-19T10:00:51Z,Continue trapping,Lower Feather River RST,RR,,Yes
12,30484,1778,Chinook salmon,255,Fall,Natural,Parr,38.0,,1,2026-01-19 10:00:51+00:00,2026-01-19T10:00:51Z,Continue trapping,Lower Feather River RST,RR,,Yes
12,30485,1778,Chinook salmon,255,Fall,Natural,Parr,37.0,,1,2026-01-19 10:00:51+00:00,2026-01-19T10:00:51Z,Continue trapping,Lower Feather River RST,RR,,Yes
12,30486,1778,Chinook salmon,255,Fall,Natural,Parr,38.0,,1,2026-01-19 10:00:51+00:00,2026-01-19T10:00:51Z,Continue trapping,Lower Feather River RST,RR,,Yes
12,30487,1778,Chinook salmon,255,Fall,Natural,Parr,36.0,,1,2026-01-19 10:00:51+00:00,2026-01-19T10:00:51Z,Continue trapping,Lower Feather River RST,RR,,Yes
12,30488,1778,Chinook salmon,255,Fall,Natural,Parr,36.0,,1,2026-01-19 10:00:51+00:00,2026-01-19T10:00:51Z,Continue trapping,Lower Feather River RST,RR,,Yes
12,30489,1778,Chinook salmon,255,Fall,Natural,Parr,35.0,,1,2026-01-19 10:00:51+00:00,2026-01-19T10:00:51Z,Continue trapping,Lower Feather River RST,RR,,Yes
12,30490,1778,Chinook salmon,255,Fall,Natural,Parr,32.0,,1,2026-01-19 10:00:51+00:00,2026-01-19T10:00:51Z,Continue trapping,Lower Feather River RST,RR,,Yes
12,30491,1778,Chinook salmon,255,Fall,Natural,Parr,31.0,,1,2026-01-19 10:00:51+00:00,2026-01-19T10:00:51Z,Continue trapping,Lower Feather River RST,RR,,Yes
12,30492,1778,Chinook salmon,255,Fall,Natural,Parr,35.0,,1,2026-01-19 10:00:51+00:00,2026-01-19T10:00:51Z,Continue trapping,Lower Feather River RST,RR,,Yes
12,30493,1778,Chinook salmon,255,Fall,Natural,Parr,38.0,,1,2026-01-19 10:00:51+00:00,2026-01-19T10:00:51Z,Continue trapping,Lower Feather River RST,RR,,Yes
12,30494,1778,Chinook salmon,255,Fall,Natural,Parr,35.0,,1,2026-01-19 10:00:51+00:00,2026-01-19T10:00:51Z,Continue trapping,Lower Feather River RST,RR,,Yes
12,30495,1778,Chinook salmon,255,Fall,Natural,Parr,35.0,,1,2026-01-19 10:00:51+00:00,2026-01-19T10:00:51Z,Continue trapping,Lower Feather River RST,RR,,Yes
12,30496,1778,Chinook salmon,255,Fall,Natural,Parr,35.0,,1,2026-01-19 10:00:51+00:00,2026-01-19T10:00:51Z,Continue trapping,Lower Feather River RST,RR,,Yes
12,30497,1778,Chinook salmon,255,Fall,Natural,Parr,38.0,,1,2026-01-19 10:00:51+00:00,2026-01-19T10:00:51Z,Continue trapping,Lower Feather River RST,RR,,Yes
12,30498,1778,Chinook salmon,255,Fall,Natural,Parr,31.0,,1,2026-01-19 10:00:51+00:00,2026-01-19T10:00:51Z,Continue trapping,Lower Feather River RST,RR,,Yes
12,30499,1778,Chinook salmon,255,Fall,Natural,Parr,38.0,,1,2026-01-19 10:00:51+00:00,2026-01-19T10:00:51Z,Continue trapping,Lower Feather River RST,RR,,Yes
12,30500,1778,Chinook salmon,255,Fall,Natural,Parr,40.0,,1,2026-01-19 10:00:51+00:00,2026-01-19T10:00:51Z,Continue trapping,Lower Feather River RST,RR,,Yes
12,30501,1778,Chinook salmon,255,Fall,Natural,Parr,44.0,,1,2026-01-19 10:00:51+00:00,2026-01-19T10:00:51Z,Continue trapping,Lower Feather River RST,RR,,Yes
12,30502,1778,Chinook salmon,255,Fall,Natural,Parr,34.0,,1,2026-01-19 10:00:51+00:00,2026-01-19T10:00:51Z,Continue trapping,Lower Feather River RST,RR,,Yes
12,30503,1778,Chinook salmon,255,Fall,Natural,Parr,34.0,,1,2026-01-19 10:00:51+00:00,2026-01-19T10:00:51Z,Continue trapping,Lower Feather River RST,RR,,Yes
12,30504,1778,Chinook salmon,255,Fall,Natural,Parr,35.0,,1,2026-01-19 10:00:51+00:00,2026-01-19T10:00:51Z,Continue trapping,Lower Feather River RST,RR,,Yes
12,30505,1778,Chinook salmon,255,Fall,Natural,Parr,36.0,,1,2026-01-19 10:00:51+00:00,2026-01-19T10:00:51Z,Continue trapping,Lower Feather River RST,RR,,Yes
12,30506,1778,Chinook salmon,255,Fall,Natural,Parr,35.0,,1,2026-01-19 10:00:51+00:00,2026-01-19T10:00:51Z,Continue trapping,Lower Feather River RST,RR,,Yes
12,30507,1778,Chinook salmon,255,Fall,Natural,Parr,34.0,,1,2026-01-19 10:00:51+00:00,2026-01-19T10:00:51Z,Continue trapping,Lower Feather River RST,RR,,Yes
12,30508,1778,Chinook salmon,255,Fall,Natural,Parr,34.0,,1,2026-01-19 10:00:51+00:00,2026-01-19T10:00:51Z,Continue trapping,Lower Feather River RST,RR,,Yes
12,30509,1778,Chinook salmon,255,Fall,Natural,Parr,36.0,,1,2026-01-19 10:00:51+00:00,2026-01-19T10:00:51Z,Continue trapping,Lower Feather River RST,RR,,Yes
12,30510,1778,Chinook salmon,255,Fall,Natural,Parr,34.0,,1,2026-01-19 10:00:51+00:00,2026-01-19T10:00:51Z,Continue trapping,Lower Feather River RST,RR,,Yes
12,30511,1778,Chinook salmon,255,Fall,Natural,Parr,39.0,,1,2026-01-19 10:00:51+00:00,2026-01-19T10:00:51Z,Continue trapping,Lower Feather River RST,RR,,Yes
12,30512,1778,Chinook salmon,255,Fall,Natural,Parr,34.0,,1,2026-01-19 10:00:51+00:00,2026-01-19T10:00:51Z,Continue trapping,Lower Feather River RST,RR,,Yes
12,30513,1778,Chinook salmon,255,Fall,Natural,Not recorded,,,64,2026-01-19 10:00:51+00:00,2026-01-19T10:00:51Z,Continue trapping,Lower Feather River RST,RR,,Yes
12,30514,1778,Chinook salmon,255,Fall,Hatchery,Not recorded,34.0,,1,2026-01-19 10:00:51+00:00,2026-01-19T10:00:51Z,Continue trapping,Lower Feather River RST,RR,,Yes
12,30515,1778,Largemouth bass,255,Not recorded,Natural,Not recorded,,48.0,1,2026-01-19 10:00:51+00:00,2026-01-19T10:00:51Z,Continue trapping,Lower Feather River RST,RR,,Yes
12,30516,1778,Mosquitofish,255,Not recorded,Natural,Not recorded,,40.0,1,2026-01-19 10:00:51+00:00,2026-01-19T10:00:51Z,Continue trapping,Lower Feather River RST,RR,,Yes
12,30517,1779,Chinook salmon,255,Fall,Natural,Not recorded,35.0,,1,2026-01-20 10:15:42+00:00,2026-01-20T10:15:42Z,Continue trapping,Lower Feather River RST,RL,,Yes
12,30518,1779,Chinook salmon,255,Fall,Natural,Parr,37.0,,1,2026-01-20 10:15:42+00:00,2026-01-20T10:15:42Z,Continue trapping,Lower Feather River RST,RL,,Yes
12,30519,1779,Chinook salmon,255,Fall,Natural,Parr,34.0,,1,2026-01-20 10:15:42+00:00,2026-01-20T10:15:42Z,Continue trapping,Lower Feather River RST,RL,,Yes
12,30520,1779,Bluegill,255,Fall,Natural,Not recorded,,38.0,1,2026-01-20 10:15:42+00:00,2026-01-20T10:15:42Z,Continue trapping,Lower Feather River RST,RL,,Yes
12,30521,1780,Chinook salmon,255,Fall,Natural,Parr,33.0,,1,2026-01-20 10:15:34+00:00,2026-01-20T10:15:34Z,Continue trapping,Lower Feather River RST,RR,,Yes
12,30522,1780,Chinook salmon,255,Fall,Natural,Parr,35.0,,1,2026-01-20 10:15:34+00:00,2026-01-20T10:15:34Z,Continue trapping,Lower Feather River RST,RR,,Yes
12,30523,1780,Chinook salmon,255,Fall,Natural,Parr,36.0,,1,2026-01-20 10:15:34+00:00,2026-01-20T10:15:34Z,Continue trapping,Lower Feather River RST,RR,,Yes
12,30524,1780,Chinook salmon,255,Fall,Natural,Parr,35.0,,1,2026-01-20 10:15:34+00:00,2026-01-20T10:15:34Z,Continue trapping,Lower Feather River RST,RR,,Yes
12,30525,1780,Chinook salmon,255,Fall,Natural,Parr,35.0,,1,2026-01-20 10:15:34+00:00,2026-01-20T10:15:34Z,Continue trapping,Lower Feather River RST,RR,,Yes
12,30526,1780,Chinook salmon,255,Fall,Natural,Parr,32.0,,1,2026-01-20 10:15:34+00:00,2026-01-20T10:15:34Z,Continue trapping,Lower Feather River RST,RR,,Yes
12,30527,1780,Chinook salmon,255,Fall,Natural,Parr,33.0,,1,2026-01-20 10:15:34+00:00,2026-01-20T10:15:34Z,Continue trapping,Lower Feather River RST,RR,,Yes
12,30528,1780,Chinook salmon,255,Fall,Natural,Fry,30.0,,1,2026-01-20 10:15:34+00:00,2026-01-20T10:15:34Z,Continue trapping,Lower Feather River RST,RR,,Yes
12,30529,1780,Chinook salmon,255,Fall,Natural,Parr,35.0,,1,2026-01-20 10:15:34+00:00,2026-01-20T10:15:34Z,Continue trapping,Lower Feather River RST,RR,,Yes
12,30530,1780,Chinook salmon,255,Fall,Natural,Parr,33.0,,1,2026-01-20 10:15:34+00:00,2026-01-20T10:15:34Z,Continue trapping,Lower Feather River RST,RR,,Yes
12,30531,1780,Chinook salmon,255,Fall,Natural,Parr,37.0,,1,2026-01-20 10:15:34+00:00,2026-01-20T10:15:34Z,Continue trapping,Lower Feather River RST,RR,,Yes
12,30532,1780,Chinook salmon,255,Fall,Natural,Parr,34.0,,1,2026-01-20 10:15:34+00:00,2026-01-20T10:15:34Z,Continue trapping,Lower Feather River RST,RR,,Yes
12,30533,1780,Chinook salmon,255,Fall,Natural,Parr,36.0,,1,2026-01-20 10:15:34+00:00,2026-01-20T10:15:34Z,Continue trapping,Lower Feather River RST,RR,,Yes
12,30534,1780,Chinook salmon,255,Fall,Natural,Parr,36.0,,1,2026-01-20 10:15:34+00:00,2026-01-20T10:15:34Z,Continue trapping,Lower Feather River RST,RR,,Yes
12,30535,1780,Chinook salmon,255,Fall,Natural,Parr,38.0,,1,2026-01-20 10:15:34+00:00,2026-01-20T10:15:34Z,Continue trapping,Lower Feather River RST,RR,,Yes
12,30536,1780,Chinook salmon,255,Fall,Natural,Parr,37.0,,1,2026-01-20 10:15:34+00:00,2026-01-20T10:15:34Z,Continue trapping,Lower Feather River RST,RR,,Yes
12,30537,1780,Chinook salmon,255,Fall,Natural,Parr,35.0,,1,2026-01-20 10:15:34+00:00,2026-01-20T10:15:34Z,Continue trapping,Lower Feather River RST,RR,,Yes
12,30538,1780,Chinook salmon,255,Fall,Natural,Parr,33.0,,1,2026-01-20 10:15:34+00:00,2026-01-20T10:15:34Z,Continue trapping,Lower Feather River RST,RR,,Yes
12,30539,1780,Chinook salmon,255,Fall,Natural,Parr,36.0,,1,2026-01-20 10:15:34+00:00,2026-01-20T10:15:34Z,Continue trapping,Lower Feather River RST,RR,,Yes
12,30540,1780,Chinook salmon,255,Fall,Natural,Parr,38.0,,1,2026-01-20 10:15:34+00:00,2026-01-20T10:15:34Z,Continue trapping,Lower Feather River RST,RR,,Yes
12,30541,1780,Chinook salmon,255,Fall,Natural,Parr,36.0,,1,2026-01-20 10:15:34+00:00,2026-01-20T10:15:34Z,Continue trapping,Lower Feather River RST,RR,,Yes
12,30542,1780,Chinook salmon,255,Fall,Natural,Parr,36.0,,1,2026-01-20 10:15:34+00:00,2026-01-20T10:15:34Z,Continue trapping,Lower Feather River RST,RR,,Yes
12,30543,1780,Chinook salmon,255,Fall,Natural,Parr,31.0,,1,2026-01-20 10:15:34+00:00,2026-01-20T10:15:34Z,Continue trapping,Lower Feather River RST,RR,,Yes
12,30544,1780,Chinook salmon,255,Fall,Natural,Parr,36.0,,1,2026-01-20 10:15:34+00:00,2026-01-20T10:15:34Z,Continue trapping,Lower Feather River RST,RR,,Yes
12,30545,1780,Chinook salmon,255,Fall,Natural,Parr,30.0,,1,2026-01-20 10:15:34+00:00,2026-01-20T10:15:34Z,Continue trapping,Lower Feather River RST,RR,,Yes
12,30546,1780,Chinook salmon,255,Fall,Natural,Fry,34.0,,1,2026-01-20 10:15:34+00:00,2026-01-20T10:15:34Z,Continue trapping,Lower Feather River RST,RR,,Yes
12,30547,1780,Chinook salmon,255,Fall,Natural,Parr,35.0,,1,2026-01-20 10:15:34+00:00,2026-01-20T10:15:34Z,Continue trapping,Lower Feather River RST,RR,,Yes
12,30548,1780,Chinook salmon,255,Fall,Natural,Parr,35.0,,1,2026-01-20 10:15:34+00:00,2026-01-20T10:15:34Z,Continue trapping,Lower Feather River RST,RR,,Yes
12,30549,1780,Chinook salmon,255,Fall,Natural,Parr,37.0,,1,2026-01-20 10:15:34+00:00,2026-01-20T10:15:34Z,Continue trapping,Lower Feather River RST,RR,,Yes
12,30550,1780,Chinook salmon,255,Fall,Natural,Parr,38.0,,1,2026-01-20 10:15:34+00:00,2026-01-20T10:15:34Z,Continue trapping,Lower Feather River RST,RR,,Yes
12,30551,1780,Chinook salmon,255,Fall,Natural,Parr,36.0,,1,2026-01-20 10:15:34+00:00,2026-01-20T10:15:34Z,Continue trapping,Lower Feather River RST,RR,,Yes
12,30552,1780,Chinook salmon,255,Fall,Natural,Parr,34.0,,1,2026-01-20 10:15:34+00:00,2026-01-20T10:15:34Z,Continue trapping,Lower Feather River RST,RR,,Yes
12,30553,1780,Chinook salmon,255,Fall,Natural,Parr,35.0,,1,2026-01-20 10:15:34+00:00,2026-01-20T10:15:34Z,Continue trapping,Lower Feather River RST,RR,,Yes
12,30554,1780,Chinook salmon,255,Fall,Natural,Parr,35.0,,1,2026-01-20 10:15:34+00:00,2026-01-20T10:15:34Z,Continue trapping,Lower Feather River RST,RR,,Yes
12,30555,1780,Chinook salmon,255,Fall,Natural,Parr,38.0,,1,2026-01-20 10:15:34+00:00,2026-01-20T10:15:34Z,Continue trapping,Lower Feather River RST,RR,,Yes
12,30556,1780,Chinook salmon,255,Fall,Natural,Parr,37.0,,1,2026-01-20 10:15:34+00:00,2026-01-20T10:15:34Z,Continue trapping,Lower Feather River RST,RR,,Yes
12,30557,1780,Chinook salmon,255,Fall,Natural,Parr,34.0,,1,2026-01-20 10:15:34+00:00,2026-01-20T10:15:34Z,Continue trapping,Lower Feather River RST,RR,,Yes
12,30558,1780,Chinook salmon,255,Fall,Natural,Parr,42.0,,1,2026-01-20 10:15:34+00:00,2026-01-20T10:15:34Z,Continue trapping,Lower Feather River RST,RR,,Yes
12,30559,1780,Chinook salmon,255,Fall,Natural,Parr,35.0,,1,2026-01-20 10:15:34+00:00,2026-01-20T10:15:34Z,Continue trapping,Lower Feather River RST,RR,,Yes
12,30560,1780,Chinook salmon,255,Fall,Natural,Fry,38.0,,1,2026-01-20 10:15:34+00:00,2026-01-20T10:15:34Z,Continue trapping,Lower Feather River RST,RR,,Yes
12,30561,1780,Chinook salmon,255,Fall,Natural,Parr,35.0,,1,2026-01-20 10:15:34+00:00,2026-01-20T10:15:34Z,Continue trapping,Lower Feather River RST,RR,,Yes
12,30562,1780,Chinook salmon,255,Fall,Natural,Fry,34.0,,1,2026-01-20 10:15:34+00:00,2026-01-20T10:15:34Z,Continue trapping,Lower Feather River RST,RR,,Yes
12,30563,1780,Chinook salmon,255,Fall,Natural,Fry,37.0,,1,2026-01-20 10:15:34+00:00,2026-01-20T10:15:34Z,Continue trapping,Lower Feather River RST,RR,,Yes
12,30564,1780,Chinook salmon,255,Fall,Natural,Parr,34.0,,1,2026-01-20 10:15:34+00:00,2026-01-20T10:15:34Z,Continue trapping,Lower Feather River RST,RR,,Yes
12,30565,1780,Chinook salmon,255,Fall,Natural,Parr,37.0,,1,2026-01-20 10:15:34+00:00,2026-01-20T10:15:34Z,Continue trapping,Lower Feather River RST,RR,,Yes
12,30566,1780,Chinook salmon,255,Fall,Natural,Parr,37.0,,1,2026-01-20 10:15:34+00:00,2026-01-20T10:15:34Z,Continue trapping,Lower Feather River RST,RR,,Yes
12,30567,1780,Chinook salmon,255,Fall,Natural,Not recorded,,,1,2026-01-20 10:15:34+00:00,2026-01-20T10:15:34Z,Continue trapping,Lower Feather River RST,RR,,Yes
12,30568,1780,Unknown lamprey (Entosphenus or Lampetra),255,Fall,Natural,Not recorded,,118.0,1,2026-01-20 10:15:34+00:00,2026-01-20T10:15:34Z,Continue trapping,Lower Feather River RST,RR,,Yes
12,30569,1781,Chinook salmon,255,Fall,Natural,Parr,38.0,,1,2026-01-21 10:30:10+00:00,2026-01-21T10:30:10Z,Continue trapping,Lower Feather River RST,RL,,Yes
12,30570,1781,Chinook salmon,255,Fall,Natural,Parr,34.0,,1,2026-01-21 10:30:10+00:00,2026-01-21T10:30:10Z,Continue trapping,Lower Feather River RST,RL,,Yes
12,30571,1781,Chinook salmon,255,Fall,Natural,Parr,37.0,,1,2026-01-21 10:30:10+00:00,2026-01-21T10:30:10Z,Continue trapping,Lower Feather River RST,RL,,Yes
12,30572,1781,Chinook salmon,255,Fall,Natural,Parr,33.0,,1,2026-01-21 10:30:10+00:00,2026-01-21T10:30:10Z,Continue trapping,Lower Feather River RST,RL,,Yes
12,30573,1781,Chinook salmon,255,Fall,Natural,Parr,34.0,,1,2026-01-21 10:30:10+00:00,2026-01-21T10:30:10Z,Continue trapping,Lower Feather River RST,RL,,Yes
12,30574,1781,Chinook salmon,255,Fall,Natural,Button-up fry,34.0,,1,2026-01-21 10:30:10+00:00,2026-01-21T10:30:10Z,Continue trapping,Lower Feather River RST,RL,,Yes
12,30575,1781,Chinook salmon,255,Fall,Natural,Parr,37.0,,1,2026-01-21 10:30:10+00:00,2026-01-21T10:30:10Z,Continue trapping,Lower Feather River RST,RL,,Yes
12,30576,1781,Chinook salmon,255,Fall,Natural,Parr,34.0,,1,2026-01-21 10:30:10+00:00,2026-01-21T10:30:10Z,Continue trapping,Lower Feather River RST,RL,,Yes
12,30577,1781,Chinook salmon,255,Fall,Natural,Parr,35.0,,1,2026-01-21 10:30:10+00:00,2026-01-21T10:30:10Z,Continue trapping,Lower Feather River RST,RL,,Yes
12,30578,1781,Chinook salmon,255,Fall,Natural,Parr,38.0,,1,2026-01-21 10:30:10+00:00,2026-01-21T10:30:10Z,Continue trapping,Lower Feather River RST,RL,,Yes
12,30579,1781,Chinook salmon,255,Fall,Natural,Parr,34.0,,1,2026-01-21 10:30:10+00:00,2026-01-21T10:30:10Z,Continue trapping,Lower Feather River RST,RL,,Yes
12,30580,1781,Chinook salmon,255,Fall,Natural,Parr,29.0,,1,2026-01-21 10:30:10+00:00,2026-01-21T10:30:10Z,Continue trapping,Lower Feather River RST,RL,,Yes
12,30581,1781,Chinook salmon,255,Fall,Natural,Parr,36.0,,1,2026-01-21 10:30:10+00:00,2026-01-21T10:30:10Z,Continue trapping,Lower Feather River RST,RL,,Yes
12,30582,1781,Chinook salmon,255,Fall,Natural,Parr,35.0,,1,2026-01-21 10:30:10+00:00,2026-01-21T10:30:10Z,Continue trapping,Lower Feather River RST,RL,,Yes
12,30583,1781,Chinook salmon,255,Fall,Natural,Parr,38.0,,1,2026-01-21 10:30:10+00:00,2026-01-21T10:30:10Z,Continue trapping,Lower Feather River RST,RL,,Yes
12,30584,1781,Chinook salmon,255,Fall,Natural,Parr,38.0,,1,2026-01-21 10:30:10+00:00,2026-01-21T10:30:10Z,Continue trapping,Lower Feather River RST,RL,,Yes
12,30585,1781,Chinook salmon,255,Fall,Natural,Parr,35.0,,1,2026-01-21 10:30:10+00:00,2026-01-21T10:30:10Z,Continue trapping,Lower Feather River RST,RL,,Yes
12,30586,1781,Chinook salmon,255,Fall,Natural,Parr,31.0,,1,2026-01-21 10:30:10+00:00,2026-01-21T10:30:10Z,Continue trapping,Lower Feather River RST,RL,,Yes
12,30587,1781,Chinook salmon,255,Fall,Natural,Parr,34.0,,1,2026-01-21 10:30:10+00:00,2026-01-21T10:30:10Z,Continue trapping,Lower Feather River RST,RL,,Yes
12,30588,1781,Chinook salmon,255,Fall,Natural,Parr,37.0,,1,2026-01-21 10:30:10+00:00,2026-01-21T10:30:10Z,Continue trapping,Lower Feather River RST,RL,,Yes
12,30589,1781,Chinook salmon,255,Fall,Natural,Parr,38.0,,1,2026-01-21 10:30:10+00:00,2026-01-21T10:30:10Z,Continue trapping,Lower Feather River RST,RL,,Yes
12,30590,1781,Chinook salmon,255,Fall,Natural,Parr,35.0,,1,2026-01-21 10:30:10+00:00,2026-01-21T10:30:10Z,Continue trapping,Lower Feather River RST,RL,,Yes
12,30591,1781,Chinook salmon,255,Fall,Natural,Parr,37.0,,1,2026-01-21 10:30:10+00:00,2026-01-21T10:30:10Z,Continue trapping,Lower Feather River RST,RL,,Yes
12,30592,1781,Chinook salmon,255,Fall,Natural,Parr,36.0,,1,2026-01-21 10:30:10+00:00,2026-01-21T10:30:10Z,Continue trapping,Lower Feather River RST,RL,,Yes
12,30593,1781,Chinook salmon,255,Fall,Natural,Parr,34.0,,1,2026-01-21 10:30:10+00:00,2026-01-21T10:30:10Z,Continue trapping,Lower Feather River RST,RL,,Yes
12,30594,1781,Chinook salmon,255,Fall,Natural,Parr,37.0,,1,2026-01-21 10:30:10+00:00,2026-01-21T10:30:10Z,Continue trapping,Lower Feather River RST,RL,,Yes
12,30595,1781,Chinook salmon,255,Fall,Natural,Parr,35.0,,1,2026-01-21 10:30:10+00:00,2026-01-21T10:30:10Z,Continue trapping,Lower Feather River RST,RL,,Yes
12,30596,1781,Chinook salmon,255,Fall,Natural,Parr,38.0,,1,2026-01-21 10:30:10+00:00,2026-01-21T10:30:10Z,Continue trapping,Lower Feather River RST,RL,,Yes
12,30597,1781,Chinook salmon,255,Fall,Natural,Parr,37.0,,1,2026-01-21 10:30:10+00:00,2026-01-21T10:30:10Z,Continue trapping,Lower Feather River RST,RL,,Yes
12,30598,1781,Chinook salmon,255,Fall,Natural,Parr,37.0,,1,2026-01-21 10:30:10+00:00,2026-01-21T10:30:10Z,Continue trapping,Lower Feather River RST,RL,,Yes
12,30599,1781,Chinook salmon,255,Fall,Natural,Parr,35.0,,1,2026-01-21 10:30:10+00:00,2026-01-21T10:30:10Z,Continue trapping,Lower Feather River RST,RL,,Yes
12,30600,1781,Chinook salmon,255,Fall,Natural,Parr,39.0,,1,2026-01-21 10:30:10+00:00,2026-01-21T10:30:10Z,Continue trapping,Lower Feather River RST,RL,,Yes
12,30601,1781,Chinook salmon,255,Fall,Natural,Parr,35.0,,1,2026-01-21 10:30:10+00:00,2026-01-21T10:30:10Z,Continue trapping,Lower Feather River RST,RL,,Yes
12,30602,1781,Chinook salmon,255,Fall,Natural,Parr,37.0,,1,2026-01-21 10:30:10+00:00,2026-01-21T10:30:10Z,Continue trapping,Lower Feather River RST,RL,,Yes
12,30603,1781,Chinook salmon,255,Fall,Natural,Parr,34.0,,1,2026-01-21 10:30:10+00:00,2026-01-21T10:30:10Z,Continue trapping,Lower Feather River RST,RL,,Yes
12,30604,1781,Steelhead / rainbow trout,255,Not recorded,Hatchery,Yearling,196.0,,1,2026-01-21 10:30:10+00:00,2026-01-21T10:30:10Z,Continue trapping,Lower Feather River RST,RL,,Yes
12,30605,1781,Mosquitofish,255,Not recorded,Natural,Not recorded,,29.0,1,2026-01-21 10:30:10+00:00,2026-01-21T10:30:10Z,Continue trapping,Lower Feather River RST,RL,,Yes
12,30606,1781,Sacramento pikeminnow,255,Not recorded,Natural,Not recorded,,,1,2026-01-21 10:30:10+00:00,2026-01-21T10:30:10Z,Continue trapping,Lower Feather River RST,RL,,Yes
12,30607,1782,Chinook salmon,255,Fall,Natural,Parr,33.0,,1,2026-01-21 10:30:03+00:00,2026-01-21T10:30:03Z,Continue trapping,Lower Feather River RST,RR,,Yes
12,30608,1782,Chinook salmon,255,Fall,Natural,Parr,38.0,,1,2026-01-21 10:30:03+00:00,2026-01-21T10:30:03Z,Continue trapping,Lower Feather River RST,RR,,Yes
12,30609,1782,Chinook salmon,255,Fall,Natural,Button-up fry,34.0,,1,2026-01-21 10:30:03+00:00,2026-01-21T10:30:03Z,Continue trapping,Lower Feather River RST,RR,,Yes
12,30610,1782,Chinook salmon,255,Fall,Natural,Parr,36.0,,1,2026-01-21 10:30:03+00:00,2026-01-21T10:30:03Z,Continue trapping,Lower Feather River RST,RR,,Yes
12,30611,1782,Chinook salmon,255,Fall,Natural,Parr,37.0,,1,2026-01-21 10:30:03+00:00,2026-01-21T10:30:03Z,Continue trapping,Lower Feather River RST,RR,,Yes
12,30612,1782,Chinook salmon,255,Fall,Natural,Parr,35.0,,1,2026-01-21 10:30:03+00:00,2026-01-21T10:30:03Z,Continue trapping,Lower Feather River RST,RR,,Yes
12,30613,1782,Chinook salmon,255,Fall,Natural,Parr,37.0,,1,2026-01-21 10:30:03+00:00,2026-01-21T10:30:03Z,Continue trapping,Lower Feather River RST,RR,,Yes
12,30614,1782,Chinook salmon,255,Fall,Natural,Parr,35.0,,1,2026-01-21 10:30:03+00:00,2026-01-21T10:30:03Z,Continue trapping,Lower Feather River RST,RR,,Yes
12,30615,1782,Chinook salmon,255,Fall,Natural,Parr,34.0,,1,2026-01-21 10:30:03+00:00,2026-01-21T10:30:03Z,Continue trapping,Lower Feather River RST,RR,,Yes
12,30616,1782,Chinook salmon,255,Fall,Natural,Parr,32.0,,1,2026-01-21 10:30:03+00:00,2026-01-21T10:30:03Z,Continue trapping,Lower Feather River RST,RR,,Yes
12,30617,1782,Chinook salmon,255,Fall,Natural,Parr,34.0,,1,2026-01-21 10:30:03+00:00,2026-01-21T10:30:03Z,Continue trapping,Lower Feather River RST,RR,,Yes
12,30618,1782,Chinook salmon,255,Fall,Natural,Parr,36.0,,1,2026-01-21 10:30:03+00:00,2026-01-21T10:30:03Z,Continue trapping,Lower Feather River RST,RR,,Yes
12,30619,1782,Chinook salmon,255,Fall,Natural,Parr,41.0,,1,2026-01-21 10:30:03+00:00,2026-01-21T10:30:03Z,Continue trapping,Lower Feather River RST,RR,,Yes
12,30620,1782,Chinook salmon,255,Fall,Natural,Parr,37.0,,1,2026-01-21 10:30:03+00:00,2026-01-21T10:30:03Z,Continue trapping,Lower Feather River RST,RR,,Yes
12,30621,1782,Chinook salmon,255,Fall,Natural,Parr,35.0,,1,2026-01-21 10:30:03+00:00,2026-01-21T10:30:03Z,Continue trapping,Lower Feather River RST,RR,,Yes
12,30622,1782,Chinook salmon,255,Fall,Natural,Parr,35.0,,1,2026-01-21 10:30:03+00:00,2026-01-21T10:30:03Z,Continue trapping,Lower Feather River RST,RR,,Yes
12,30623,1782,Chinook salmon,255,Fall,Natural,Parr,34.0,,1,2026-01-21 10:30:03+00:00,2026-01-21T10:30:03Z,Continue trapping,Lower Feather River RST,RR,,Yes
12,30624,1782,Chinook salmon,255,Fall,Natural,Parr,35.0,,1,2026-01-21 10:30:03+00:00,2026-01-21T10:30:03Z,Continue trapping,Lower Feather River RST,RR,,Yes
12,30625,1782,Chinook salmon,255,Fall,Natural,Parr,36.0,,1,2026-01-21 10:30:03+00:00,2026-01-21T10:30:03Z,Continue trapping,Lower Feather River RST,RR,,Yes
12,30626,1782,Chinook salmon,255,Fall,Natural,Parr,37.0,,1,2026-01-21 10:30:03+00:00,2026-01-21T10:30:03Z,Continue trapping,Lower Feather River RST,RR,,Yes
12,30627,1782,Chinook salmon,255,Fall,Natural,Parr,37.0,,1,2026-01-21 10:30:03+00:00,2026-01-21T10:30:03Z,Continue trapping,Lower Feather River RST,RR,,Yes
12,30628,1782,Chinook salmon,255,Fall,Natural,Parr,35.0,,1,2026-01-21 10:30:03+00:00,2026-01-21T10:30:03Z,Continue trapping,Lower Feather River RST,RR,,Yes
12,30629,1782,Chinook salmon,255,Fall,Natural,Parr,33.0,,1,2026-01-21 10:30:03+00:00,2026-01-21T10:30:03Z,Continue trapping,Lower Feather River RST,RR,,Yes
12,30630,1782,Chinook salmon,255,Fall,Natural,Parr,37.0,,1,2026-01-21 10:30:03+00:00,2026-01-21T10:30:03Z,Continue trapping,Lower Feather River RST,RR,,Yes
12,30631,1782,Chinook salmon,255,Fall,Natural,Parr,38.0,,1,2026-01-21 10:30:03+00:00,2026-01-21T10:30:03Z,Continue trapping,Lower Feather River RST,RR,,Yes
12,30632,1782,Chinook salmon,255,Fall,Natural,Parr,34.0,,1,2026-01-21 10:30:03+00:00,2026-01-21T10:30:03Z,Continue trapping,Lower Feather River RST,RR,,Yes
12,30633,1782,Chinook salmon,255,Fall,Natural,Parr,35.0,,1,2026-01-21 10:30:03+00:00,2026-01-21T10:30:03Z,Continue trapping,Lower Feather River RST,RR,,Yes
12,30634,1782,Chinook salmon,255,Fall,Natural,Parr,36.0,,1,2026-01-21 10:30:03+00:00,2026-01-21T10:30:03Z,Continue trapping,Lower Feather River RST,RR,,Yes
12,30635,1782,Chinook salmon,255,Fall,Natural,Parr,35.0,,1,2026-01-21 10:30:03+00:00,2026-01-21T10:30:03Z,Continue trapping,Lower Feather River RST,RR,,Yes
12,30636,1782,Chinook salmon,255,Fall,Natural,Parr,35.0,,1,2026-01-21 10:30:03+00:00,2026-01-21T10:30:03Z,Continue trapping,Lower Feather River RST,RR,,Yes
12,30637,1782,Chinook salmon,255,Fall,Natural,Parr,36.0,,1,2026-01-21 10:30:03+00:00,2026-01-21T10:30:03Z,Continue trapping,Lower Feather River RST,RR,,Yes
12,30638,1782,Chinook salmon,255,Fall,Natural,Parr,31.0,,1,2026-01-21 10:30:03+00:00,2026-01-21T10:30:03Z,Continue trapping,Lower Feather River RST,RR,,Yes
12,30639,1782,Chinook salmon,255,Fall,Natural,Parr,35.0,,1,2026-01-21 10:30:03+00:00,2026-01-21T10:30:03Z,Continue trapping,Lower Feather River RST,RR,,Yes
12,30640,1782,Chinook salmon,255,Fall,Natural,Parr,35.0,,1,2026-01-21 10:30:03+00:00,2026-01-21T10:30:03Z,Continue trapping,Lower Feather River RST,RR,,Yes
12,30641,1782,Chinook salmon,255,Fall,Natural,Parr,36.0,,1,2026-01-21 10:30:03+00:00,2026-01-21T10:30:03Z,Continue trapping,Lower Feather River RST,RR,,Yes
12,30642,1782,Chinook salmon,255,Fall,Natural,Parr,37.0,,1,2026-01-21 10:30:03+00:00,2026-01-21T10:30:03Z,Continue trapping,Lower Feather River RST,RR,,Yes
12,30643,1782,Chinook salmon,255,Fall,Natural,Parr,37.0,,1,2026-01-21 10:30:03+00:00,2026-01-21T10:30:03Z,Continue trapping,Lower Feather River RST,RR,,Yes
12,30644,1782,Chinook salmon,255,Fall,Natural,Parr,36.0,,1,2026-01-21 10:30:03+00:00,2026-01-21T10:30:03Z,Continue trapping,Lower Feather River RST,RR,,Yes
12,30645,1782,Chinook salmon,255,Fall,Natural,Parr,35.0,,1,2026-01-21 10:30:03+00:00,2026-01-21T10:30:03Z,Continue trapping,Lower Feather River RST,RR,,Yes
12,30646,1782,Chinook salmon,255,Fall,Natural,Parr,36.0,,1,2026-01-21 10:30:03+00:00,2026-01-21T10:30:03Z,Continue trapping,Lower Feather River RST,RR,,Yes
12,30647,1782,Chinook salmon,255,Fall,Natural,Parr,36.0,,1,2026-01-21 10:30:03+00:00,2026-01-21T10:30:03Z,Continue trapping,Lower Feather River RST,RR,,Yes
12,30648,1782,Chinook salmon,255,Fall,Natural,Parr,35.0,,1,2026-01-21 10:30:03+00:00,2026-01-21T10:30:03Z,Continue trapping,Lower Feather River RST,RR,,Yes
12,30649,1782,Chinook salmon,255,Fall,Natural,Parr,37.0,,1,2026-01-21 10:30:03+00:00,2026-01-21T10:30:03Z,Continue trapping,Lower Feather River RST,RR,,Yes
12,30650,1782,Chinook salmon,255,Fall,Natural,Parr,35.0,,1,2026-01-21 10:30:03+00:00,2026-01-21T10:30:03Z,Continue trapping,Lower Feather River RST,RR,,Yes
12,30651,1782,Chinook salmon,255,Fall,Natural,Parr,37.0,,1,2026-01-21 10:30:03+00:00,2026-01-21T10:30:03Z,Continue trapping,Lower Feather River RST,RR,,Yes
12,30652,1782,Chinook salmon,255,Fall,Natural,Parr,34.0,,1,2026-01-21 10:30:03+00:00,2026-01-21T10:30:03Z,Continue trapping,Lower Feather River RST,RR,,Yes
12,30653,1782,Chinook salmon,255,Fall,Natural,Parr,36.0,,1,2026-01-21 10:30:03+00:00,2026-01-21T10:30:03Z,Continue trapping,Lower Feather River RST,RR,,Yes
12,30654,1782,Chinook salmon,255,Fall,Natural,Parr,36.0,,1,2026-01-21 10:30:03+00:00,2026-01-21T10:30:03Z,Continue trapping,Lower Feather River RST,RR,,Yes
12,30655,1782,Chinook salmon,255,Fall,Natural,Parr,36.0,,1,2026-01-21 10:30:03+00:00,2026-01-21T10:30:03Z,Continue trapping,Lower Feather River RST,RR,,Yes
12,30656,1782,Chinook salmon,255,Fall,Natural,Parr,35.0,,1,2026-01-21 10:30:03+00:00,2026-01-21T10:30:03Z,Continue trapping,Lower Feather River RST,RR,,Yes
12,30657,1782,Chinook salmon,255,Fall,Natural,Not recorded,,,55,2026-01-21 10:30:03+00:00,2026-01-21T10:30:03Z,Continue trapping,Lower Feather River RST,RR,,Yes
12,30658,1782,Chinook salmon,255,Fall,Natural,Not recorded,,,1,2026-01-21 10:30:03+00:00,2026-01-21T10:30:03Z,Continue trapping,Lower Feather River RST,RR,,Yes
12,30659,1782,Chinook salmon,255,Spring,Natural,Parr,47.0,,1,2026-01-21 10:30:03+00:00,2026-01-21T10:30:03Z,Continue trapping,Lower Feather River RST,RR,,Yes
12,30660,1783,Chinook salmon,255,Fall,Natural,Parr,39.0,,1,2026-01-22 10:30:37+00:00,2026-01-22T10:30:37Z,Continue trapping,Lower Feather River RST,RL,,Yes
12,30661,1783,Chinook salmon,255,Fall,Natural,Parr,34.0,,1,2026-01-22 10:30:37+00:00,2026-01-22T10:30:37Z,Continue trapping,Lower Feather River RST,RL,,Yes
12,30662,1783,Chinook salmon,255,Fall,Natural,Parr,40.0,,1,2026-01-22 10:30:37+00:00,2026-01-22T10:30:37Z,Continue trapping,Lower Feather River RST,RL,,Yes
12,30663,1783,Chinook salmon,255,Fall,Natural,Parr,35.0,,1,2026-01-22 10:30:37+00:00,2026-01-22T10:30:37Z,Continue trapping,Lower Feather River RST,RL,,Yes
12,30664,1783,Chinook salmon,255,Fall,Natural,Parr,36.0,,1,2026-01-22 10:30:37+00:00,2026-01-22T10:30:37Z,Continue trapping,Lower Feather River RST,RL,,Yes
12,30665,1783,Chinook salmon,255,Fall,Natural,Parr,36.0,,1,2026-01-22 10:30:37+00:00,2026-01-22T10:30:37Z,Continue trapping,Lower Feather River RST,RL,,Yes
12,30666,1783,Chinook salmon,255,Fall,Natural,Not recorded,37.0,,1,2026-01-22 10:30:37+00:00,2026-01-22T10:30:37Z,Continue trapping,Lower Feather River RST,RL,,Yes
12,30667,1783,Chinook salmon,255,Fall,Natural,Parr,34.0,,1,2026-01-22 10:30:37+00:00,2026-01-22T10:30:37Z,Continue trapping,Lower Feather River RST,RL,,Yes
12,30668,1783,Chinook salmon,255,Fall,Natural,Parr,33.0,,1,2026-01-22 10:30:37+00:00,2026-01-22T10:30:37Z,Continue trapping,Lower Feather River RST,RL,,Yes
12,30669,1783,Chinook salmon,255,Fall,Natural,Parr,36.0,,1,2026-01-22 10:30:37+00:00,2026-01-22T10:30:37Z,Continue trapping,Lower Feather River RST,RL,,Yes
12,30670,1783,Chinook salmon,255,Fall,Natural,Parr,37.0,,1,2026-01-22 10:30:37+00:00,2026-01-22T10:30:37Z,Continue trapping,Lower Feather River RST,RL,,Yes
12,30671,1783,Chinook salmon,255,Fall,Natural,Parr,37.0,,1,2026-01-22 10:30:37+00:00,2026-01-22T10:30:37Z,Continue trapping,Lower Feather River RST,RL,,Yes
12,30672,1783,Bluegill,255,Not recorded,Natural,Not recorded,,88.0,1,2026-01-22 10:30:37+00:00,2026-01-22T10:30:37Z,Continue trapping,Lower Feather River RST,RL,,Yes
12,30673,1783,Spotted bass,255,Not recorded,Natural,Not recorded,,54.0,1,2026-01-22 10:30:37+00:00,2026-01-22T10:30:37Z,Continue trapping,Lower Feather River RST,RL,,Yes
12,30675,1784,Chinook salmon,255,Fall,Natural,Parr,34.0,,1,2026-01-22 09:30:34+00:00,2026-01-22T09:30:34Z,Continue trapping,Lower Feather River RST,RR,,Yes
12,30676,1784,Chinook salmon,255,Fall,Natural,Parr,37.0,,1,2026-01-22 09:30:34+00:00,2026-01-22T09:30:34Z,Continue trapping,Lower Feather River RST,RR,,Yes
12,30677,1784,Chinook salmon,255,Fall,Natural,Parr,34.0,,1,2026-01-22 09:30:34+00:00,2026-01-22T09:30:34Z,Continue trapping,Lower Feather River RST,RR,,Yes
12,30678,1784,Chinook salmon,255,Fall,Natural,Parr,35.0,,1,2026-01-22 09:30:34+00:00,2026-01-22T09:30:34Z,Continue trapping,Lower Feather River RST,RR,,Yes
12,30679,1784,Chinook salmon,255,Fall,Natural,Parr,34.0,,1,2026-01-22 09:30:34+00:00,2026-01-22T09:30:34Z,Continue trapping,Lower Feather River RST,RR,,Yes
12,30680,1784,Chinook salmon,255,Fall,Natural,Parr,38.0,,1,2026-01-22 09:30:34+00:00,2026-01-22T09:30:34Z,Continue trapping,Lower Feather River RST,RR,,Yes
12,30681,1784,Chinook salmon,255,Fall,Natural,Not recorded,36.0,,1,2026-01-22 09:30:34+00:00,2026-01-22T09:30:34Z,Continue trapping,Lower Feather River RST,RR,,Yes
12,30682,1784,Chinook salmon,255,Fall,Natural,Parr,34.0,,1,2026-01-22 09:30:34+00:00,2026-01-22T09:30:34Z,Continue trapping,Lower Feather River RST,RR,,Yes
12,30683,1784,Chinook salmon,255,Fall,Natural,Parr,35.0,,1,2026-01-22 09:30:34+00:00,2026-01-22T09:30:34Z,Continue trapping,Lower Feather River RST,RR,,Yes
12,30684,1784,Chinook salmon,255,Fall,Natural,Parr,35.0,,1,2026-01-22 09:30:34+00:00,2026-01-22T09:30:34Z,Continue trapping,Lower Feather River RST,RR,,Yes
12,30685,1784,Chinook salmon,255,Fall,Natural,Parr,36.0,,1,2026-01-22 09:30:34+00:00,2026-01-22T09:30:34Z,Continue trapping,Lower Feather River RST,RR,,Yes
12,30686,1784,Chinook salmon,255,Fall,Natural,Parr,33.0,,1,2026-01-22 09:30:34+00:00,2026-01-22T09:30:34Z,Continue trapping,Lower Feather River RST,RR,,Yes
12,30687,1784,Chinook salmon,255,Fall,Natural,Parr,37.0,,1,2026-01-22 09:30:34+00:00,2026-01-22T09:30:34Z,Continue trapping,Lower Feather River RST,RR,,Yes
12,30688,1784,Chinook salmon,255,Fall,Natural,Parr,35.0,,1,2026-01-22 09:30:34+00:00,2026-01-22T09:30:34Z,Continue trapping,Lower Feather River RST,RR,,Yes
12,30689,1784,Chinook salmon,255,Fall,Natural,Parr,36.0,,1,2026-01-22 09:30:34+00:00,2026-01-22T09:30:34Z,Continue trapping,Lower Feather River RST,RR,,Yes
12,30690,1784,Chinook salmon,255,Fall,Natural,Parr,37.0,,1,2026-01-22 09:30:34+00:00,2026-01-22T09:30:34Z,Continue trapping,Lower Feather River RST,RR,,Yes
12,30691,1784,Chinook salmon,255,Fall,Natural,Parr,38.0,,1,2026-01-22 09:30:34+00:00,2026-01-22T09:30:34Z,Continue trapping,Lower Feather River RST,RR,,Yes
12,30692,1784,Chinook salmon,255,Fall,Natural,Parr,38.0,,1,2026-01-22 09:30:34+00:00,2026-01-22T09:30:34Z,Continue trapping,Lower Feather River RST,RR,,Yes
12,30693,1784,Chinook salmon,255,Fall,Natural,Parr,36.0,,1,2026-01-22 09:30:34+00:00,2026-01-22T09:30:34Z,Continue trapping,Lower Feather River RST,RR,,Yes
12,30694,1784,Chinook salmon,255,Fall,Natural,Parr,35.0,,1,2026-01-22 09:30:34+00:00,2026-01-22T09:30:34Z,Continue trapping,Lower Feather River RST,RR,,Yes
12,30695,1784,Chinook salmon,255,Fall,Natural,Parr,37.0,,1,2026-01-22 09:30:34+00:00,2026-01-22T09:30:34Z,Continue trapping,Lower Feather River RST,RR,,Yes
12,30696,1784,Chinook salmon,255,Fall,Natural,Button-up fry,37.0,,1,2026-01-22 09:30:34+00:00,2026-01-22T09:30:34Z,Continue trapping,Lower Feather River RST,RR,,Yes
12,30697,1784,Chinook salmon,255,Fall,Natural,Parr,39.0,,1,2026-01-22 09:30:34+00:00,2026-01-22T09:30:34Z,Continue trapping,Lower Feather River RST,RR,,Yes
12,30698,1784,Chinook salmon,255,Fall,Natural,Parr,35.0,,1,2026-01-22 09:30:34+00:00,2026-01-22T09:30:34Z,Continue trapping,Lower Feather River RST,RR,,Yes
12,30699,1784,Chinook salmon,255,Fall,Natural,Parr,30.0,,1,2026-01-22 09:30:34+00:00,2026-01-22T09:30:34Z,Continue trapping,Lower Feather River RST,RR,,Yes
12,30700,1784,Chinook salmon,255,Fall,Natural,Parr,36.0,,1,2026-01-22 09:30:34+00:00,2026-01-22T09:30:34Z,Continue trapping,Lower Feather River RST,RR,,Yes
12,30701,1783,Chinook salmon,255,Spring,Natural,Parr,48.0,,1,2026-01-22 10:30:37+00:00,2026-01-22T10:30:37Z,Continue trapping,Lower Feather River RST,RL,,Yes
12,30702,1785,Chinook salmon,255,Fall,Natural,Parr,35.0,,1,2026-01-23 10:45:31+00:00,2026-01-23T10:45:31Z,Continue trapping,Lower Feather River RST,RL,,Yes
12,30703,1785,Chinook salmon,255,Fall,Natural,Parr,34.0,,1,2026-01-23 10:45:31+00:00,2026-01-23T10:45:31Z,Continue trapping,Lower Feather River RST,RL,,Yes
12,30704,1785,Chinook salmon,255,Fall,Natural,Parr,36.0,,1,2026-01-23 10:45:31+00:00,2026-01-23T10:45:31Z,Continue trapping,Lower Feather River RST,RL,,Yes
12,30705,1785,Chinook salmon,255,Fall,Natural,Fry,34.0,,1,2026-01-23 10:45:31+00:00,2026-01-23T10:45:31Z,Continue trapping,Lower Feather River RST,RL,,Yes
12,30706,1786,Chinook salmon,255,Fall,Natural,Parr,38.0,,1,2026-01-23 10:45:02+00:00,2026-01-23T10:45:02Z,Continue trapping,Lower Feather River RST,RR,,Yes
12,30707,1786,Chinook salmon,255,Fall,Natural,Parr,32.0,,1,2026-01-23 10:45:02+00:00,2026-01-23T10:45:02Z,Continue trapping,Lower Feather River RST,RR,,Yes
12,30708,1786,Chinook salmon,255,Fall,Natural,Fry,34.0,,1,2026-01-23 10:45:02+00:00,2026-01-23T10:45:02Z,Continue trapping,Lower Feather River RST,RR,,Yes
12,30709,1786,Chinook salmon,255,Fall,Natural,Parr,35.0,,1,2026-01-23 10:45:02+00:00,2026-01-23T10:45:02Z,Continue trapping,Lower Feather River RST,RR,,Yes
12,30710,1786,Chinook salmon,255,Fall,Natural,Fry,35.0,,1,2026-01-23 10:45:02+00:00,2026-01-23T10:45:02Z,Continue trapping,Lower Feather River RST,RR,,Yes
12,30711,1786,Chinook salmon,255,Fall,Natural,Parr,38.0,,1,2026-01-23 10:45:02+00:00,2026-01-23T10:45:02Z,Continue trapping,Lower Feather River RST,RR,,Yes
12,30712,1786,Chinook salmon,255,Fall,Natural,Fry,31.0,,1,2026-01-23 10:45:02+00:00,2026-01-23T10:45:02Z,Continue trapping,Lower Feather River RST,RR,,Yes
12,30713,1786,Chinook salmon,255,Fall,Natural,Parr,37.0,,1,2026-01-23 10:45:02+00:00,2026-01-23T10:45:02Z,Continue trapping,Lower Feather River RST,RR,,Yes
12,30714,1786,Chinook salmon,255,Fall,Natural,Fry,35.0,,1,2026-01-23 10:45:02+00:00,2026-01-23T10:45:02Z,Continue trapping,Lower Feather River RST,RR,,Yes
12,30715,1786,Chinook salmon,255,Fall,Natural,Fry,36.0,,1,2026-01-23 10:45:02+00:00,2026-01-23T10:45:02Z,Continue trapping,Lower Feather River RST,RR,,Yes
12,30716,1786,Chinook salmon,255,Fall,Natural,Fry,32.0,,1,2026-01-23 10:45:02+00:00,2026-01-23T10:45:02Z,Continue trapping,Lower Feather River RST,RR,,Yes
12,30717,1786,Chinook salmon,255,Fall,Natural,Parr,38.0,,1,2026-01-23 10:45:02+00:00,2026-01-23T10:45:02Z,Continue trapping,Lower Feather River RST,RR,,Yes
12,30718,1786,Chinook salmon,255,Fall,Natural,Parr,36.0,,1,2026-01-23 10:45:02+00:00,2026-01-23T10:45:02Z,Continue trapping,Lower Feather River RST,RR,,Yes
12,30719,1786,Chinook salmon,255,Fall,Natural,Parr,34.0,,1,2026-01-23 10:45:02+00:00,2026-01-23T10:45:02Z,Continue trapping,Lower Feather River RST,RR,,Yes
12,30720,1786,Chinook salmon,255,Fall,Natural,Parr,38.0,,1,2026-01-23 10:45:02+00:00,2026-01-23T10:45:02Z,Continue trapping,Lower Feather River RST,RR,,Yes
12,30721,1786,Chinook salmon,255,Fall,Natural,Fry,30.0,,1,2026-01-23 10:45:02+00:00,2026-01-23T10:45:02Z,Continue trapping,Lower Feather River RST,RR,,Yes
12,30722,1786,Chinook salmon,255,Fall,Natural,Fry,33.0,,1,2026-01-23 10:45:02+00:00,2026-01-23T10:45:02Z,Continue trapping,Lower Feather River RST,RR,,Yes
12,30723,1786,Chinook salmon,255,Fall,Natural,Parr,35.0,,1,2026-01-23 10:45:02+00:00,2026-01-23T10:45:02Z,Continue trapping,Lower Feather River RST,RR,,Yes
12,30724,1786,Chinook salmon,255,Fall,Natural,Parr,35.0,,1,2026-01-23 10:45:02+00:00,2026-01-23T10:45:02Z,Continue trapping,Lower Feather River RST,RR,,Yes
12,30725,1786,Chinook salmon,255,Fall,Natural,Parr,32.0,,1,2026-01-23 10:45:02+00:00,2026-01-23T10:45:02Z,Continue trapping,Lower Feather River RST,RR,,Yes
12,30726,1786,Chinook salmon,255,Fall,Natural,Fry,31.0,,1,2026-01-23 10:45:02+00:00,2026-01-23T10:45:02Z,Continue trapping,Lower Feather River RST,RR,,Yes
12,30727,1786,Chinook salmon,255,Fall,Natural,Parr,35.0,,1,2026-01-23 10:45:02+00:00,2026-01-23T10:45:02Z,Continue trapping,Lower Feather River RST,RR,,Yes
12,30728,1786,Chinook salmon,255,Fall,Natural,Parr,35.0,,1,2026-01-23 10:45:02+00:00,2026-01-23T10:45:02Z,Continue trapping,Lower Feather River RST,RR,,Yes
12,30729,1786,Chinook salmon,255,Fall,Natural,Parr,35.0,,1,2026-01-23 10:45:02+00:00,2026-01-23T10:45:02Z,Continue trapping,Lower Feather River RST,RR,,Yes
12,30730,1786,Chinook salmon,255,Fall,Natural,Parr,34.0,,1,2026-01-23 10:45:02+00:00,2026-01-23T10:45:02Z,Continue trapping,Lower Feather River RST,RR,,Yes
12,30731,1786,Chinook salmon,255,Fall,Natural,Parr,33.0,,1,2026-01-23 10:45:02+00:00,2026-01-23T10:45:02Z,Continue trapping,Lower Feather River RST,RR,,Yes
12,30732,1786,Chinook salmon,255,Fall,Natural,Parr,35.0,,1,2026-01-23 10:45:02+00:00,2026-01-23T10:45:02Z,Continue trapping,Lower Feather River RST,RR,,Yes
12,30733,1786,Chinook salmon,255,Fall,Natural,Fry,34.0,,1,2026-01-23 10:45:02+00:00,2026-01-23T10:45:02Z,Continue trapping,Lower Feather River RST,RR,,Yes
12,30734,1786,Chinook salmon,255,Fall,Natural,Parr,36.0,,1,2026-01-23 10:45:02+00:00,2026-01-23T10:45:02Z,Continue trapping,Lower Feather River RST,RR,,Yes
12,30735,1786,Chinook salmon,255,Fall,Natural,Fry,35.0,,1,2026-01-23 10:45:02+00:00,2026-01-23T10:45:02Z,Continue trapping,Lower Feather River RST,RR,,Yes
12,30736,1786,Chinook salmon,255,Fall,Natural,Parr,35.0,,1,2026-01-23 10:45:02+00:00,2026-01-23T10:45:02Z,Continue trapping,Lower Feather River RST,RR,,Yes
12,30737,1786,Chinook salmon,255,Fall,Natural,Parr,37.0,,1,2026-01-23 10:45:02+00:00,2026-01-23T10:45:02Z,Continue trapping,Lower Feather River RST,RR,,Yes
12,30738,1786,Chinook salmon,255,Fall,Natural,Parr,35.0,,1,2026-01-23 10:45:02+00:00,2026-01-23T10:45:02Z,Continue trapping,Lower Feather River RST,RR,,Yes
12,30739,1786,Chinook salmon,255,Fall,Natural,Parr,35.0,,1,2026-01-23 10:45:02+00:00,2026-01-23T10:45:02Z,Continue trapping,Lower Feather River RST,RR,,Yes
12,30740,1786,Chinook salmon,255,Fall,Natural,Parr,35.0,,1,2026-01-23 10:45:02+00:00,2026-01-23T10:45:02Z,Continue trapping,Lower Feather River RST,RR,,Yes
12,30741,1786,Chinook salmon,255,Fall,Natural,Fry,31.0,,1,2026-01-23 10:45:02+00:00,2026-01-23T10:45:02Z,Continue trapping,Lower Feather River RST,RR,,Yes
12,30742,1786,Chinook salmon,255,Fall,Natural,Parr,39.0,,1,2026-01-23 10:45:02+00:00,2026-01-23T10:45:02Z,Continue trapping,Lower Feather River RST,RR,,Yes
12,30743,1786,Chinook salmon,255,Fall,Natural,Parr,35.0,,1,2026-01-23 10:45:02+00:00,2026-01-23T10:45:02Z,Continue trapping,Lower Feather River RST,RR,,Yes
12,30744,1786,Chinook salmon,255,Fall,Natural,Parr,35.0,,1,2026-01-23 10:45:02+00:00,2026-01-23T10:45:02Z,Continue trapping,Lower Feather River RST,RR,,Yes
12,30745,1786,Chinook salmon,255,Fall,Natural,Parr,37.0,,1,2026-01-23 10:45:02+00:00,2026-01-23T10:45:02Z,Continue trapping,Lower Feather River RST,RR,,Yes
12,30746,1786,Chinook salmon,255,Fall,Natural,Parr,35.0,,1,2026-01-23 10:45:02+00:00,2026-01-23T10:45:02Z,Continue trapping,Lower Feather River RST,RR,,Yes
12,30747,1786,Chinook salmon,255,Fall,Natural,Parr,35.0,,1,2026-01-23 10:45:02+00:00,2026-01-23T10:45:02Z,Continue trapping,Lower Feather River RST,RR,,Yes
12,30748,1786,Chinook salmon,255,Fall,Natural,Parr,37.0,,1,2026-01-23 10:45:02+00:00,2026-01-23T10:45:02Z,Continue trapping,Lower Feather River RST,RR,,Yes
12,30749,1786,Chinook salmon,255,Fall,Natural,Parr,38.0,,1,2026-01-23 10:45:02+00:00,2026-01-23T10:45:02Z,Continue trapping,Lower Feather River RST,RR,,Yes
12,30750,1786,Chinook salmon,255,Fall,Natural,Parr,38.0,,1,2026-01-23 10:45:02+00:00,2026-01-23T10:45:02Z,Continue trapping,Lower Feather River RST,RR,,Yes
12,30751,1786,Chinook salmon,255,Fall,Natural,Not recorded,,,1,2026-01-23 10:45:02+00:00,2026-01-23T10:45:02Z,Continue trapping,Lower Feather River RST,RR,,Yes
12,30753,1786,Chinook salmon,255,Spring,Natural,Parr,48.0,,1,2026-01-23 10:45:02+00:00,2026-01-23T10:45:02Z,Continue trapping,Lower Feather River RST,RR,Not recorded,Yes
12,30754,1787,Chinook salmon,255,Fall,Natural,Parr,35.0,,1,2026-01-24 09:45:03+00:00,2026-01-24T09:45:03Z,Continue trapping,Lower Feather River RST,RL,,Yes
12,30755,1787,Chinook salmon,255,Fall,Natural,Parr,36.0,,1,2026-01-24 09:45:03+00:00,2026-01-24T09:45:03Z,Continue trapping,Lower Feather River RST,RL,,Yes
12,30756,1787,Chinook salmon,255,Fall,Natural,Parr,31.0,,1,2026-01-24 09:45:03+00:00,2026-01-24T09:45:03Z,Continue trapping,Lower Feather River RST,RL,,Yes
12,30757,1787,Chinook salmon,255,Fall,Natural,Parr,34.0,,1,2026-01-24 09:45:03+00:00,2026-01-24T09:45:03Z,Continue trapping,Lower Feather River RST,RL,,Yes
12,30758,1787,Chinook salmon,255,Spring,Natural,Parr,57.0,,1,2026-01-24 09:45:03+00:00,2026-01-24T09:45:03Z,Continue trapping,Lower Feather River RST,RL,,Yes
12,30759,1788,Chinook salmon,255,Fall,Natural,Parr,35.0,,1,2026-01-24 09:45:59+00:00,2026-01-24T09:45:59Z,Continue trapping,Lower Feather River RST,RR,,Yes
12,30760,1788,Chinook salmon,255,Fall,Natural,Parr,33.0,,1,2026-01-24 09:45:59+00:00,2026-01-24T09:45:59Z,Continue trapping,Lower Feather River RST,RR,,Yes
12,30761,1788,Chinook salmon,255,Fall,Natural,Parr,35.0,,1,2026-01-24 09:45:59+00:00,2026-01-24T09:45:59Z,Continue trapping,Lower Feather River RST,RR,,Yes
12,30762,1788,Chinook salmon,255,Fall,Natural,Parr,33.0,,1,2026-01-24 09:45:59+00:00,2026-01-24T09:45:59Z,Continue trapping,Lower Feather River RST,RR,,Yes
12,30763,1788,Chinook salmon,255,Fall,Natural,Parr,36.0,,1,2026-01-24 09:45:59+00:00,2026-01-24T09:45:59Z,Continue trapping,Lower Feather River RST,RR,,Yes
12,30764,1788,Chinook salmon,255,Fall,Natural,Parr,37.0,,1,2026-01-24 09:45:59+00:00,2026-01-24T09:45:59Z,Continue trapping,Lower Feather River RST,RR,,Yes
12,30765,1788,Chinook salmon,255,Fall,Natural,Parr,36.0,,1,2026-01-24 09:45:59+00:00,2026-01-24T09:45:59Z,Continue trapping,Lower Feather River RST,RR,,Yes
12,30766,1788,Chinook salmon,255,Fall,Natural,Parr,34.0,,1,2026-01-24 09:45:59+00:00,2026-01-24T09:45:59Z,Continue trapping,Lower Feather River RST,RR,,Yes
12,30767,1788,Chinook salmon,255,Fall,Natural,Parr,37.0,,1,2026-01-24 09:45:59+00:00,2026-01-24T09:45:59Z,Continue trapping,Lower Feather River RST,RR,,Yes
12,30768,1788,Chinook salmon,255,Fall,Natural,Parr,38.0,,1,2026-01-24 09:45:59+00:00,2026-01-24T09:45:59Z,Continue trapping,Lower Feather River RST,RR,,Yes
12,30769,1788,Chinook salmon,255,Fall,Natural,Parr,37.0,,1,2026-01-24 09:45:59+00:00,2026-01-24T09:45:59Z,Continue trapping,Lower Feather River RST,RR,,Yes
12,30770,1788,Chinook salmon,255,Fall,Natural,Parr,35.0,,1,2026-01-24 09:45:59+00:00,2026-01-24T09:45:59Z,Continue trapping,Lower Feather River RST,RR,,Yes
12,30771,1788,Chinook salmon,255,Fall,Natural,Not recorded,34.0,,1,2026-01-24 09:45:59+00:00,2026-01-24T09:45:59Z,Continue trapping,Lower Feather River RST,RR,,Yes
12,30772,1788,Chinook salmon,255,Fall,Natural,Parr,34.0,,1,2026-01-24 09:45:59+00:00,2026-01-24T09:45:59Z,Continue trapping,Lower Feather River RST,RR,,Yes
12,30773,1788,Chinook salmon,255,Fall,Natural,Parr,37.0,,1,2026-01-24 09:45:59+00:00,2026-01-24T09:45:59Z,Continue trapping,Lower Feather River RST,RR,,Yes
12,30774,1788,Chinook salmon,255,Fall,Natural,Parr,36.0,,1,2026-01-24 09:45:59+00:00,2026-01-24T09:45:59Z,Continue trapping,Lower Feather River RST,RR,,Yes
12,30775,1788,Chinook salmon,255,Fall,Natural,Parr,36.0,,1,2026-01-24 09:45:59+00:00,2026-01-24T09:45:59Z,Continue trapping,Lower Feather River RST,RR,,Yes
12,30776,1788,Chinook salmon,255,Fall,Natural,Parr,37.0,,1,2026-01-24 09:45:59+00:00,2026-01-24T09:45:59Z,Continue trapping,Lower Feather River RST,RR,,Yes
12,30777,1788,Chinook salmon,255,Fall,Natural,Parr,34.0,,1,2026-01-24 09:45:59+00:00,2026-01-24T09:45:59Z,Continue trapping,Lower Feather River RST,RR,,Yes
12,30778,1788,Chinook salmon,255,Fall,Natural,Parr,41.0,,1,2026-01-24 09:45:59+00:00,2026-01-24T09:45:59Z,Continue trapping,Lower Feather River RST,RR,,Yes
12,30779,1788,Chinook salmon,255,Fall,Natural,Parr,32.0,,1,2026-01-24 09:45:59+00:00,2026-01-24T09:45:59Z,Continue trapping,Lower Feather River RST,RR,,Yes
12,30780,1788,Chinook salmon,255,Fall,Natural,Parr,37.0,,1,2026-01-24 09:45:59+00:00,2026-01-24T09:45:59Z,Continue trapping,Lower Feather River RST,RR,,Yes
12,30781,1788,Chinook salmon,255,Fall,Natural,Parr,37.0,,1,2026-01-24 09:45:59+00:00,2026-01-24T09:45:59Z,Continue trapping,Lower Feather River RST,RR,,Yes
12,30782,1788,Chinook salmon,255,Fall,Natural,Parr,36.0,,1,2026-01-24 09:45:59+00:00,2026-01-24T09:45:59Z,Continue trapping,Lower Feather River RST,RR,,Yes
12,30783,1788,Chinook salmon,255,Fall,Natural,Parr,35.0,,1,2026-01-24 09:45:59+00:00,2026-01-24T09:45:59Z,Continue trapping,Lower Feather River RST,RR,,Yes
12,30784,1788,Chinook salmon,255,Fall,Natural,Parr,35.0,,1,2026-01-24 09:45:59+00:00,2026-01-24T09:45:59Z,Continue trapping,Lower Feather River RST,RR,,Yes
12,30785,1788,Steelhead / rainbow trout,255,Not recorded,Hatchery,Yearling,182.0,,1,2026-01-24 09:45:59+00:00,2026-01-24T09:45:59Z,Continue trapping,Lower Feather River RST,RR,,Yes
12,30786,1789,Chinook salmon,255,Fall,Natural,Parr,37.0,,1,2026-01-25 10:00:58+00:00,2026-01-25T10:00:58Z,Continue trapping,Lower Feather River RST,RL,,Yes
12,30787,1789,Steelhead / rainbow trout,255,Not recorded,Natural,Not recorded,,,0,2026-01-25 10:00:58+00:00,2026-01-25T10:00:58Z,Continue trapping,Lower Feather River RST,RL,,Yes
12,30788,1790,Chinook salmon,255,Fall,Natural,Parr,46.0,,1,2026-01-25 10:00:32+00:00,2026-01-25T10:00:32Z,Continue trapping,Lower Feather River RST,RR,,Yes
12,30789,1790,Chinook salmon,255,Fall,Natural,Parr,33.0,,1,2026-01-25 10:00:32+00:00,2026-01-25T10:00:32Z,Continue trapping,Lower Feather River RST,RR,,Yes
12,30790,1790,Chinook salmon,255,Fall,Natural,Parr,34.0,,1,2026-01-25 10:00:32+00:00,2026-01-25T10:00:32Z,Continue trapping,Lower Feather River RST,RR,,Yes
12,30791,1790,Chinook salmon,255,Fall,Natural,Fry,34.0,,1,2026-01-25 10:00:32+00:00,2026-01-25T10:00:32Z,Continue trapping,Lower Feather River RST,RR,,Yes
12,30792,1790,Chinook salmon,255,Fall,Natural,Fry,36.0,,1,2026-01-25 10:00:32+00:00,2026-01-25T10:00:32Z,Continue trapping,Lower Feather River RST,RR,,Yes
12,30793,1790,Chinook salmon,255,Fall,Natural,Parr,39.0,,1,2026-01-25 10:00:32+00:00,2026-01-25T10:00:32Z,Continue trapping,Lower Feather River RST,RR,,Yes
12,30794,1790,Chinook salmon,255,Fall,Natural,Parr,35.0,,1,2026-01-25 10:00:32+00:00,2026-01-25T10:00:32Z,Continue trapping,Lower Feather River RST,RR,,Yes
12,30795,1790,Chinook salmon,255,Fall,Natural,Parr,40.0,,1,2026-01-25 10:00:32+00:00,2026-01-25T10:00:32Z,Continue trapping,Lower Feather River RST,RR,,Yes
12,30796,1790,Chinook salmon,255,Fall,Natural,Parr,39.0,,1,2026-01-25 10:00:32+00:00,2026-01-25T10:00:32Z,Continue trapping,Lower Feather River RST,RR,,Yes
12,30797,1790,Chinook salmon,255,Spring,Natural,Parr,53.0,,1,2026-01-25 10:00:32+00:00,2026-01-25T10:00:32Z,Continue trapping,Lower Feather River RST,RR,,Yes
12,30798,1790,Hardhead,255,Not recorded,Natural,Not recorded,,43.0,1,2026-01-25 10:00:32+00:00,2026-01-25T10:00:32Z,Continue trapping,Lower Feather River RST,RR,,Yes
12,30799,1791,Chinook salmon,255,Not recorded,Natural,Not recorded,,,0,2026-01-26 10:00:41+00:00,2026-01-26T10:00:41Z,Continue trapping,Lower Feather River RST,RL,,Yes
12,30800,1791,Steelhead / rainbow trout,255,Not recorded,Natural,Not recorded,,,0,2026-01-26 10:00:41+00:00,2026-01-26T10:00:41Z,Continue trapping,Lower Feather River RST,RL,,Yes
12,30801,1792,Chinook salmon,255,Fall,Natural,Parr,35.0,,1,2026-01-26 10:00:25+00:00,2026-01-26T10:00:25Z,Continue trapping,Lower Feather River RST,RR,,Yes
12,30802,1792,Chinook salmon,255,Fall,Natural,Parr,36.0,,1,2026-01-26 10:00:25+00:00,2026-01-26T10:00:25Z,Continue trapping,Lower Feather River RST,RR,,Yes
12,30803,1792,Chinook salmon,255,Fall,Natural,Parr,35.0,,1,2026-01-26 10:00:25+00:00,2026-01-26T10:00:25Z,Continue trapping,Lower Feather River RST,RR,,Yes
12,30804,1792,Chinook salmon,255,Fall,Natural,Parr,31.0,,1,2026-01-26 10:00:25+00:00,2026-01-26T10:00:25Z,Continue trapping,Lower Feather River RST,RR,,Yes
12,30805,1792,Chinook salmon,255,Fall,Natural,Parr,34.0,,1,2026-01-26 10:00:25+00:00,2026-01-26T10:00:25Z,Continue trapping,Lower Feather River RST,RR,,Yes
12,30806,1792,Chinook salmon,255,Fall,Natural,Parr,34.0,,1,2026-01-26 10:00:25+00:00,2026-01-26T10:00:25Z,Continue trapping,Lower Feather River RST,RR,,Yes
12,30807,1792,Chinook salmon,255,Fall,Natural,Parr,35.0,,1,2026-01-26 10:00:25+00:00,2026-01-26T10:00:25Z,Continue trapping,Lower Feather River RST,RR,,Yes
12,30808,1792,Chinook salmon,255,Fall,Natural,Parr,38.0,,1,2026-01-26 10:00:25+00:00,2026-01-26T10:00:25Z,Continue trapping,Lower Feather River RST,RR,,Yes
12,30809,1792,Chinook salmon,255,Fall,Natural,Parr,35.0,,1,2026-01-26 10:00:25+00:00,2026-01-26T10:00:25Z,Continue trapping,Lower Feather River RST,RR,,Yes
12,30810,1792,Chinook salmon,255,Fall,Natural,Parr,34.0,,1,2026-01-26 10:00:25+00:00,2026-01-26T10:00:25Z,Continue trapping,Lower Feather River RST,RR,,Yes
12,30811,1792,Chinook salmon,255,Fall,Natural,Parr,34.0,,1,2026-01-26 10:00:25+00:00,2026-01-26T10:00:25Z,Continue trapping,Lower Feather River RST,RR,,Yes
12,30812,1793,Chinook salmon,255,Fall,Natural,Parr,34.0,,1,2026-01-27 10:00:15+00:00,2026-01-27T10:00:15Z,Continue trapping,Lower Feather River RST,RR,,Yes
12,30813,1793,Chinook salmon,255,Fall,Natural,Parr,33.0,,1,2026-01-27 10:00:15+00:00,2026-01-27T10:00:15Z,Continue trapping,Lower Feather River RST,RR,,Yes
12,30814,1793,Chinook salmon,255,Fall,Natural,Parr,35.0,,1,2026-01-27 10:00:15+00:00,2026-01-27T10:00:15Z,Continue trapping,Lower Feather River RST,RR,,Yes
12,30815,1793,Chinook salmon,255,Fall,Natural,Parr,41.0,,1,2026-01-27 10:00:15+00:00,2026-01-27T10:00:15Z,Continue trapping,Lower Feather River RST,RR,,Yes
12,30816,1793,Chinook salmon,255,Fall,Natural,Parr,46.0,,1,2026-01-27 10:00:15+00:00,2026-01-27T10:00:15Z,Continue trapping,Lower Feather River RST,RR,,Yes
12,30817,1793,Chinook salmon,255,Fall,Natural,Parr,33.0,,1,2026-01-27 10:00:15+00:00,2026-01-27T10:00:15Z,Continue trapping,Lower Feather River RST,RR,,Yes
12,30818,1793,Chinook salmon,255,Fall,Natural,Parr,35.0,,1,2026-01-27 10:00:15+00:00,2026-01-27T10:00:15Z,Continue trapping,Lower Feather River RST,RR,,Yes
12,30819,1793,Chinook salmon,255,Fall,Natural,Parr,35.0,,1,2026-01-27 10:00:15+00:00,2026-01-27T10:00:15Z,Continue trapping,Lower Feather River RST,RR,,Yes
12,30820,1793,Chinook salmon,255,Fall,Natural,Parr,35.0,,1,2026-01-27 10:00:15+00:00,2026-01-27T10:00:15Z,Continue trapping,Lower Feather River RST,RR,,Yes
12,30821,1793,Chinook salmon,255,Fall,Natural,Parr,35.0,,1,2026-01-27 10:00:15+00:00,2026-01-27T10:00:15Z,Continue trapping,Lower Feather River RST,RR,,Yes
12,30822,1793,Chinook salmon,255,Fall,Natural,Parr,37.0,,1,2026-01-27 10:00:15+00:00,2026-01-27T10:00:15Z,Continue trapping,Lower Feather River RST,RR,,Yes
12,30823,1793,Chinook salmon,255,Fall,Natural,Parr,37.0,,1,2026-01-27 10:00:15+00:00,2026-01-27T10:00:15Z,Continue trapping,Lower Feather River RST,RR,,Yes
12,30824,1793,Chinook salmon,255,Fall,Natural,Parr,33.0,,1,2026-01-27 10:00:15+00:00,2026-01-27T10:00:15Z,Continue trapping,Lower Feather River RST,RR,,Yes
12,30825,1793,Chinook salmon,255,Fall,Natural,Parr,31.0,,1,2026-01-27 10:00:15+00:00,2026-01-27T10:00:15Z,Continue trapping,Lower Feather River RST,RR,,Yes
12,30826,1793,Chinook salmon,255,Fall,Natural,Parr,34.0,,1,2026-01-27 10:00:15+00:00,2026-01-27T10:00:15Z,Continue trapping,Lower Feather River RST,RR,,Yes
12,30827,1793,Chinook salmon,255,Fall,Natural,Parr,38.0,,1,2026-01-27 10:00:15+00:00,2026-01-27T10:00:15Z,Continue trapping,Lower Feather River RST,RR,,Yes
12,30828,1793,Chinook salmon,255,Fall,Natural,Parr,39.0,,1,2026-01-27 10:00:15+00:00,2026-01-27T10:00:15Z,Continue trapping,Lower Feather River RST,RR,,Yes
12,30829,1793,Chinook salmon,255,Fall,Natural,Parr,36.0,,1,2026-01-27 10:00:15+00:00,2026-01-27T10:00:15Z,Continue trapping,Lower Feather River RST,RR,,Yes
12,30830,1793,Chinook salmon,255,Fall,Natural,Parr,37.0,,1,2026-01-27 10:00:15+00:00,2026-01-27T10:00:15Z,Continue trapping,Lower Feather River RST,RR,,Yes
12,30831,1793,Chinook salmon,255,Fall,Natural,Parr,35.0,,1,2026-01-27 10:00:15+00:00,2026-01-27T10:00:15Z,Continue trapping,Lower Feather River RST,RR,,Yes
12,30832,1793,Chinook salmon,255,Fall,Natural,Parr,34.0,,1,2026-01-27 10:00:15+00:00,2026-01-27T10:00:15Z,Continue trapping,Lower Feather River RST,RR,,Yes
12,30833,1793,Chinook salmon,255,Fall,Natural,Parr,35.0,,1,2026-01-27 10:00:15+00:00,2026-01-27T10:00:15Z,Continue trapping,Lower Feather River RST,RR,,Yes
12,30834,1793,Chinook salmon,255,Fall,Natural,Parr,35.0,,1,2026-01-27 10:00:15+00:00,2026-01-27T10:00:15Z,Continue trapping,Lower Feather River RST,RR,,Yes
12,30835,1793,Chinook salmon,255,Fall,Natural,Parr,37.0,,1,2026-01-27 10:00:15+00:00,2026-01-27T10:00:15Z,Continue trapping,Lower Feather River RST,RR,,Yes
12,30836,1793,Chinook salmon,255,Fall,Natural,Parr,35.0,,1,2026-01-27 10:00:15+00:00,2026-01-27T10:00:15Z,Continue trapping,Lower Feather River RST,RR,,Yes
12,30837,1793,Chinook salmon,255,Fall,Natural,Parr,35.0,,1,2026-01-27 10:00:15+00:00,2026-01-27T10:00:15Z,Continue trapping,Lower Feather River RST,RR,,Yes
12,30838,1793,Chinook salmon,255,Fall,Natural,Parr,37.0,,1,2026-01-27 10:00:15+00:00,2026-01-27T10:00:15Z,Continue trapping,Lower Feather River RST,RR,,Yes
12,30839,1793,Chinook salmon,255,Fall,Natural,Parr,37.0,,1,2026-01-27 10:00:15+00:00,2026-01-27T10:00:15Z,Continue trapping,Lower Feather River RST,RR,,Yes
12,30840,1793,Chinook salmon,255,Fall,Natural,Parr,35.0,,1,2026-01-27 10:00:15+00:00,2026-01-27T10:00:15Z,Continue trapping,Lower Feather River RST,RR,,Yes
12,30841,1793,Chinook salmon,255,Fall,Natural,Parr,33.0,,1,2026-01-27 10:00:15+00:00,2026-01-27T10:00:15Z,Continue trapping,Lower Feather River RST,RR,,Yes
12,30842,1793,Chinook salmon,255,Fall,Natural,Parr,34.0,,1,2026-01-27 10:00:15+00:00,2026-01-27T10:00:15Z,Continue trapping,Lower Feather River RST,RR,,Yes
12,30843,1793,Chinook salmon,255,Fall,Natural,Parr,34.0,,1,2026-01-27 10:00:15+00:00,2026-01-27T10:00:15Z,Continue trapping,Lower Feather River RST,RR,,Yes
12,30844,1793,Chinook salmon,255,Fall,Natural,Parr,34.0,,1,2026-01-27 10:00:15+00:00,2026-01-27T10:00:15Z,Continue trapping,Lower Feather River RST,RR,,Yes
12,30845,1793,Chinook salmon,255,Fall,Natural,Parr,30.0,,1,2026-01-27 10:00:15+00:00,2026-01-27T10:00:15Z,Continue trapping,Lower Feather River RST,RR,,Yes
12,30846,1793,Chinook salmon,255,Fall,Natural,Parr,37.0,,1,2026-01-27 10:00:15+00:00,2026-01-27T10:00:15Z,Continue trapping,Lower Feather River RST,RR,,Yes
12,30847,1793,Chinook salmon,255,Fall,Natural,Parr,38.0,,1,2026-01-27 10:00:15+00:00,2026-01-27T10:00:15Z,Continue trapping,Lower Feather River RST,RR,,Yes
12,30848,1793,Chinook salmon,255,Fall,Natural,Parr,37.0,,1,2026-01-27 10:00:15+00:00,2026-01-27T10:00:15Z,Continue trapping,Lower Feather River RST,RR,,Yes
12,30849,1793,Chinook salmon,255,Fall,Natural,Parr,36.0,,1,2026-01-27 10:00:15+00:00,2026-01-27T10:00:15Z,Continue trapping,Lower Feather River RST,RR,,Yes
12,30850,1793,Chinook salmon,255,Fall,Natural,Parr,35.0,,1,2026-01-27 10:00:15+00:00,2026-01-27T10:00:15Z,Continue trapping,Lower Feather River RST,RR,,Yes
12,30851,1793,Chinook salmon,255,Fall,Natural,Parr,34.0,,1,2026-01-27 10:00:15+00:00,2026-01-27T10:00:15Z,Continue trapping,Lower Feather River RST,RR,,Yes
12,30852,1793,Chinook salmon,255,Fall,Natural,Parr,35.0,,1,2026-01-27 10:00:15+00:00,2026-01-27T10:00:15Z,Continue trapping,Lower Feather River RST,RR,,Yes
12,30853,1793,Chinook salmon,255,Fall,Natural,Parr,39.0,,1,2026-01-27 10:00:15+00:00,2026-01-27T10:00:15Z,Continue trapping,Lower Feather River RST,RR,,Yes
12,30854,1793,Chinook salmon,255,Fall,Natural,Parr,36.0,,1,2026-01-27 10:00:15+00:00,2026-01-27T10:00:15Z,Continue trapping,Lower Feather River RST,RR,,Yes
12,30855,1793,Chinook salmon,255,Fall,Natural,Parr,38.0,,1,2026-01-27 10:00:15+00:00,2026-01-27T10:00:15Z,Continue trapping,Lower Feather River RST,RR,,Yes
12,30856,1793,Chinook salmon,255,Fall,Natural,Parr,37.0,,1,2026-01-27 10:00:15+00:00,2026-01-27T10:00:15Z,Continue trapping,Lower Feather River RST,RR,,Yes
12,30857,1793,Chinook salmon,255,Fall,Natural,Parr,37.0,,1,2026-01-27 10:00:15+00:00,2026-01-27T10:00:15Z,Continue trapping,Lower Feather River RST,RR,,Yes
12,30858,1793,Chinook salmon,255,Fall,Natural,Parr,37.0,,1,2026-01-27 10:00:15+00:00,2026-01-27T10:00:15Z,Continue trapping,Lower Feather River RST,RR,,Yes
12,30859,1793,Chinook salmon,255,Fall,Natural,Parr,42.0,,1,2026-01-27 10:00:15+00:00,2026-01-27T10:00:15Z,Continue trapping,Lower Feather River RST,RR,,Yes
12,30860,1793,Chinook salmon,255,Fall,Natural,Parr,40.0,,1,2026-01-27 10:00:15+00:00,2026-01-27T10:00:15Z,Continue trapping,Lower Feather River RST,RR,,Yes
12,30861,1793,Chinook salmon,255,Fall,Natural,Parr,35.0,,1,2026-01-27 10:00:15+00:00,2026-01-27T10:00:15Z,Continue trapping,Lower Feather River RST,RR,,Yes
12,30862,1793,Chinook salmon,255,Fall,Natural,Parr,,,8,2026-01-27 10:00:15+00:00,2026-01-27T10:00:15Z,Continue trapping,Lower Feather River RST,RR,,Yes
12,30863,1793,Chinook salmon,255,Fall,Natural,Parr,,,1,2026-01-27 10:00:15+00:00,2026-01-27T10:00:15Z,Continue trapping,Lower Feather River RST,RR,,Yes
12,30864,1793,Steelhead / rainbow trout,255,Not recorded,Natural,Yearling,174.0,,1,2026-01-27 10:00:15+00:00,2026-01-27T10:00:15Z,Continue trapping,Lower Feather River RST,RR,,Yes
12,30865,1793,Steelhead / rainbow trout,255,Not recorded,Hatchery,Yearling,170.0,,1,2026-01-27 10:00:15+00:00,2026-01-27T10:00:15Z,Continue trapping,Lower Feather River RST,RR,,Yes
12,30866,1793,Mosquitofish,255,Not recorded,Natural,Not recorded,,32.0,1,2026-01-27 10:00:15+00:00,2026-01-27T10:00:15Z,Continue trapping,Lower Feather River RST,RR,,Yes
12,30867,1793,Wakasagi / Japanese smelt,255,Not recorded,Natural,Not recorded,,93.0,1,2026-01-27 10:00:15+00:00,2026-01-27T10:00:15Z,Continue trapping,Lower Feather River RST,RR,,Yes
12,30870,1794,Chinook salmon,255,Fall,Natural,Parr,38.0,,1,2026-01-27 10:00:58+00:00,2026-01-27T10:00:58Z,Continue trapping,Lower Feather River RST,RL,,Yes
12,30871,1794,Chinook salmon,255,Fall,Natural,Parr,41.0,,1,2026-01-27 10:00:58+00:00,2026-01-27T10:00:58Z,Continue trapping,Lower Feather River RST,RL,,Yes
12,30872,1794,Chinook salmon,255,Fall,Natural,Parr,38.0,,1,2026-01-27 10:00:58+00:00,2026-01-27T10:00:58Z,Continue trapping,Lower Feather River RST,RL,,Yes
12,30873,1794,Chinook salmon,255,Fall,Natural,Parr,36.0,,1,2026-01-27 10:00:58+00:00,2026-01-27T10:00:58Z,Continue trapping,Lower Feather River RST,RL,,Yes
12,30874,1794,Chinook salmon,255,Fall,Natural,Parr,37.0,,1,2026-01-27 10:00:58+00:00,2026-01-27T10:00:58Z,Continue trapping,Lower Feather River RST,RL,,Yes
12,30875,1794,Chinook salmon,255,Fall,Natural,Parr,31.0,,1,2026-01-27 10:00:58+00:00,2026-01-27T10:00:58Z,Continue trapping,Lower Feather River RST,RL,,Yes
12,30876,1794,Chinook salmon,255,Fall,Natural,Parr,36.0,,1,2026-01-27 10:00:58+00:00,2026-01-27T10:00:58Z,Continue trapping,Lower Feather River RST,RL,,Yes
12,30877,1794,Chinook salmon,255,Fall,Natural,Not recorded,37.0,,1,2026-01-27 10:00:58+00:00,2026-01-27T10:00:58Z,Continue trapping,Lower Feather River RST,RL,,Yes
12,30878,1794,Chinook salmon,255,Fall,Natural,Parr,34.0,,1,2026-01-27 10:00:58+00:00,2026-01-27T10:00:58Z,Continue trapping,Lower Feather River RST,RL,,Yes
12,30879,1794,Chinook salmon,255,Fall,Natural,Parr,34.0,,1,2026-01-27 10:00:58+00:00,2026-01-27T10:00:58Z,Continue trapping,Lower Feather River RST,RL,,Yes
12,30880,1794,Chinook salmon,255,Fall,Natural,Parr,42.0,,1,2026-01-27 10:00:58+00:00,2026-01-27T10:00:58Z,Continue trapping,Lower Feather River RST,RL,,Yes
12,30881,1794,Chinook salmon,255,Fall,Natural,Parr,37.0,,1,2026-01-27 10:00:58+00:00,2026-01-27T10:00:58Z,Continue trapping,Lower Feather River RST,RL,,Yes
12,30882,1794,Chinook salmon,255,Fall,Natural,Parr,37.0,,1,2026-01-27 10:00:58+00:00,2026-01-27T10:00:58Z,Continue trapping,Lower Feather River RST,RL,,Yes
12,30883,1794,Chinook salmon,255,Fall,Natural,Parr,39.0,,1,2026-01-27 10:00:58+00:00,2026-01-27T10:00:58Z,Continue trapping,Lower Feather River RST,RL,,Yes
12,30884,1794,Chinook salmon,255,Fall,Natural,Parr,35.0,,1,2026-01-27 10:00:58+00:00,2026-01-27T10:00:58Z,Continue trapping,Lower Feather River RST,RL,,Yes
12,30885,1794,Chinook salmon,255,Fall,Natural,Parr,34.0,,1,2026-01-27 10:00:58+00:00,2026-01-27T10:00:58Z,Continue trapping,Lower Feather River RST,RL,,Yes
12,30886,1794,Chinook salmon,255,Fall,Natural,Parr,39.0,,1,2026-01-27 10:00:58+00:00,2026-01-27T10:00:58Z,Continue trapping,Lower Feather River RST,RL,,Yes
12,30887,1794,Chinook salmon,255,Fall,Natural,Parr,42.0,,1,2026-01-27 10:00:58+00:00,2026-01-27T10:00:58Z,Continue trapping,Lower Feather River RST,RL,,Yes
12,30888,1794,Chinook salmon,255,Fall,Natural,Fry,33.0,,1,2026-01-27 10:00:58+00:00,2026-01-27T10:00:58Z,Continue trapping,Lower Feather River RST,RL,,Yes
12,30889,1794,Chinook salmon,255,Fall,Natural,Parr,43.0,,1,2026-01-27 10:00:58+00:00,2026-01-27T10:00:58Z,Continue trapping,Lower Feather River RST,RL,,Yes
12,30890,1794,Chinook salmon,255,Fall,Natural,Parr,37.0,,1,2026-01-27 10:00:58+00:00,2026-01-27T10:00:58Z,Continue trapping,Lower Feather River RST,RL,,Yes
12,30891,1794,Chinook salmon,255,Fall,Natural,Parr,32.0,,1,2026-01-27 10:00:58+00:00,2026-01-27T10:00:58Z,Continue trapping,Lower Feather River RST,RL,,Yes
12,30892,1794,Chinook salmon,255,Fall,Natural,Parr,33.0,,1,2026-01-27 10:00:58+00:00,2026-01-27T10:00:58Z,Continue trapping,Lower Feather River RST,RL,,Yes
12,30893,1794,Chinook salmon,255,Fall,Natural,Not recorded,,,1,2026-01-27 10:00:58+00:00,2026-01-27T10:00:58Z,Continue trapping,Lower Feather River RST,RL,,Yes
12,30894,1794,Steelhead / rainbow trout,255,Not recorded,Hatchery,Yearling,206.0,,1,2026-01-27 10:00:58+00:00,2026-01-27T10:00:58Z,Continue trapping,Lower Feather River RST,RL,,Yes
